﻿{"data":[{"GPOChanges":{"LocalAdmins":[],"RemoteDesktopUsers":[],"DcomUsers":[],"PSRemoteUsers":[],"AffectedComputers":[]},"Properties":{"domain":"NORTH.SEVENKINGDOMS.LOCAL","name":"NORTH.SEVENKINGDOMS.LOCAL","distinguishedname":"DC=NORTH,DC=SEVENKINGDOMS,DC=LOCAL","domainsid":"S-1-5-21-476477570-3970196156-4123418207","highvalue":true,"description":null,"whencreated":1700701957,"functionallevel":"2016"},"ChildObjects":[{"ObjectIdentifier":"530CE7F7-2830-401E-866E-5D82EB5EB2A8","ObjectType":"Container"},{"ObjectIdentifier":"6481EEE4-03D8-40F1-80C0-B0350833CAA5","ObjectType":"OU"},{"ObjectIdentifier":"6FA5662A-4A13-4DD0-8AB6-ED3DECD35EB3","ObjectType":"Container"},{"ObjectIdentifier":"B9561EE4-8BA7-4128-A2DC-52F848A61797","ObjectType":"Container"},{"ObjectIdentifier":"2435E395-C6A4-4D40-9D8C-323B59BEC4EF","ObjectType":"Container"}],"Trusts":[{"TargetDomainSid":"S-1-5-21-304451303-2834811950-1444368090","TargetDomainName":"SEVENKINGDOMS.LOCAL","IsTransitive":true,"SidFilteringEnabled":false,"TrustDirection":3,"TrustType":0}],"Links":[{"IsEnforced":false,"GUID":"F02E5151-C3F3-48B9-96D4-CBE7E9C568BF"}],"Aces":[{"PrincipalSID":"NORTH.SEVENKINGDOMS.LOCAL-S-1-5-32-544","PrincipalType":"Group","RightName":"Owns","IsInherited":false},{"PrincipalSID":"NORTH.SEVENKINGDOMS.LOCAL-S-1-5-32-544","PrincipalType":"Group","RightName":"WriteDacl","IsInherited":false},{"PrincipalSID":"NORTH.SEVENKINGDOMS.LOCAL-S-1-5-32-544","PrincipalType":"Group","RightName":"WriteOwner","IsInherited":false},{"PrincipalSID":"NORTH.SEVENKINGDOMS.LOCAL-S-1-5-32-544","PrincipalType":"Group","RightName":"AllExtendedRights","IsInherited":false},{"PrincipalSID":"S-1-5-21-304451303-2834811950-1444368090-519","PrincipalType":"Base","RightName":"GenericAll","IsInherited":false},{"PrincipalSID":"S-1-5-21-476477570-3970196156-4123418207-512","PrincipalType":"Group","RightName":"WriteDacl","IsInherited":false},{"PrincipalSID":"S-1-5-21-476477570-3970196156-4123418207-512","PrincipalType":"Group","RightName":"WriteOwner","IsInherited":false},{"PrincipalSID":"S-1-5-21-476477570-3970196156-4123418207-512","PrincipalType":"Group","RightName":"AllExtendedRights","IsInherited":false},{"PrincipalSID":"SEVENKINGDOMS.LOCAL-S-1-5-9","PrincipalType":"Group","RightName":"GetChanges","IsInherited":false},{"PrincipalSID":"SEVENKINGDOMS.LOCAL-S-1-5-9","PrincipalType":"Group","RightName":"GetChangesInFilteredSet","IsInherited":false},{"PrincipalSID":"NORTH.SEVENKINGDOMS.LOCAL-S-1-5-32-544","PrincipalType":"Group","RightName":"GetChangesAll","IsInherited":false},{"PrincipalSID":"NORTH.SEVENKINGDOMS.LOCAL-S-1-5-32-544","PrincipalType":"Group","RightName":"GetChanges","IsInherited":false},{"PrincipalSID":"NORTH.SEVENKINGDOMS.LOCAL-S-1-5-32-544","PrincipalType":"Group","RightName":"GetChangesInFilteredSet","IsInherited":false},{"PrincipalSID":"S-1-5-21-304451303-2834811950-1444368090-498","PrincipalType":"Base","RightName":"GetChanges","IsInherited":false},{"PrincipalSID":"S-1-5-21-476477570-3970196156-4123418207-516","PrincipalType":"Group","RightName":"GetChangesAll","IsInherited":false}],"ObjectIdentifier":"S-1-5-21-476477570-3970196156-4123418207","IsDeleted":false,"IsACLProtected":false}],"meta":{"methods":29675,"type":"domains","count":1,"version":5}}