﻿{"data":[{"Properties":{"domain":"NORTH.SEVENKINGDOMS.LOCAL","name":"POLICIES@NORTH.SEVENKINGDOMS.LOCAL","distinguishedname":"CN=POLICIES,CN=SYSTEM,DC=NORTH,DC=SEVENKINGDOMS,DC=LOCAL","domainsid":"S-1-5-21-476477570-3970196156-4123418207","highvalue":false},"ChildObjects":[],"Aces":[{"PrincipalSID":"S-1-5-21-476477570-3970196156-4123418207-512","PrincipalType":"Group","RightName":"Owns","IsInherited":false},{"PrincipalSID":"S-1-5-21-476477570-3970196156-4123418207-512","PrincipalType":"Group","RightName":"WriteDacl","IsInherited":false},{"PrincipalSID":"S-1-5-21-476477570-3970196156-4123418207-512","PrincipalType":"Group","RightName":"WriteOwner","IsInherited":false},{"PrincipalSID":"S-1-5-21-304451303-2834811950-1444368090-519","PrincipalType":"Base","RightName":"GenericAll","IsInherited":true},{"PrincipalSID":"NORTH.SEVENKINGDOMS.LOCAL-S-1-5-32-544","PrincipalType":"Group","RightName":"WriteDacl","IsInherited":true},{"PrincipalSID":"NORTH.SEVENKINGDOMS.LOCAL-S-1-5-32-544","PrincipalType":"Group","RightName":"WriteOwner","IsInherited":true}],"ObjectIdentifier":"7F5858F3-A3A2-4941-8F3E-919940E0CB30","IsDeleted":false,"IsACLProtected":false},{"Properties":{"domain":"NORTH.SEVENKINGDOMS.LOCAL","name":"USERS@NORTH.SEVENKINGDOMS.LOCAL","distinguishedname":"CN=USERS,DC=NORTH,DC=SEVENKINGDOMS,DC=LOCAL","domainsid":"S-1-5-21-476477570-3970196156-4123418207","highvalue":false},"ChildObjects":[{"ObjectIdentifier":"S-1-5-21-476477570-3970196156-4123418207-1109","ObjectType":"Group"},{"ObjectIdentifier":"S-1-5-21-476477570-3970196156-4123418207-500","ObjectType":"User"},{"ObjectIdentifier":"S-1-5-21-476477570-3970196156-4123418207-571","ObjectType":"Group"},{"ObjectIdentifier":"S-1-5-21-476477570-3970196156-4123418207-1110","ObjectType":"User"},{"ObjectIdentifier":"S-1-5-21-476477570-3970196156-4123418207-1115","ObjectType":"User"},{"ObjectIdentifier":"S-1-5-21-476477570-3970196156-4123418207-1112","ObjectType":"User"},{"ObjectIdentifier":"S-1-5-21-476477570-3970196156-4123418207-517","ObjectType":"Group"},{"ObjectIdentifier":"S-1-5-21-476477570-3970196156-4123418207-522","ObjectType":"Group"},{"ObjectIdentifier":"S-1-5-21-476477570-3970196156-4123418207-572","ObjectType":"Group"},{"ObjectIdentifier":"S-1-5-21-476477570-3970196156-4123418207-1102","ObjectType":"Group"},{"ObjectIdentifier":"S-1-5-21-476477570-3970196156-4123418207-1103","ObjectType":"Group"},{"ObjectIdentifier":"S-1-5-21-476477570-3970196156-4123418207-512","ObjectType":"Group"},{"ObjectIdentifier":"S-1-5-21-476477570-3970196156-4123418207-515","ObjectType":"Group"},{"ObjectIdentifier":"S-1-5-21-476477570-3970196156-4123418207-516","ObjectType":"Group"},{"ObjectIdentifier":"S-1-5-21-476477570-3970196156-4123418207-514","ObjectType":"Group"},{"ObjectIdentifier":"S-1-5-21-476477570-3970196156-4123418207-513","ObjectType":"Group"},{"ObjectIdentifier":"S-1-5-21-476477570-3970196156-4123418207-1111","ObjectType":"User"},{"ObjectIdentifier":"S-1-5-21-476477570-3970196156-4123418207-520","ObjectType":"Group"},{"ObjectIdentifier":"S-1-5-21-476477570-3970196156-4123418207-501","ObjectType":"User"},{"ObjectIdentifier":"S-1-5-21-476477570-3970196156-4123418207-1117","ObjectType":"User"},{"ObjectIdentifier":"S-1-5-21-476477570-3970196156-4123418207-1120","ObjectType":"User"},{"ObjectIdentifier":"S-1-5-21-476477570-3970196156-4123418207-1118","ObjectType":"User"},{"ObjectIdentifier":"S-1-5-21-476477570-3970196156-4123418207-526","ObjectType":"Group"},{"ObjectIdentifier":"S-1-5-21-476477570-3970196156-4123418207-502","ObjectType":"User"},{"ObjectIdentifier":"S-1-5-21-476477570-3970196156-4123418207-1108","ObjectType":"Group"},{"ObjectIdentifier":"S-1-5-21-476477570-3970196156-4123418207-1107","ObjectType":"Group"},{"ObjectIdentifier":"S-1-5-21-476477570-3970196156-4123418207-525","ObjectType":"Group"},{"ObjectIdentifier":"S-1-5-21-476477570-3970196156-4123418207-553","ObjectType":"Group"},{"ObjectIdentifier":"S-1-5-21-476477570-3970196156-4123418207-521","ObjectType":"Group"},{"ObjectIdentifier":"S-1-5-21-476477570-3970196156-4123418207-1116","ObjectType":"User"},{"ObjectIdentifier":"S-1-5-21-476477570-3970196156-4123418207-1113","ObjectType":"User"},{"ObjectIdentifier":"S-1-5-21-476477570-3970196156-4123418207-1119","ObjectType":"User"},{"ObjectIdentifier":"S-1-5-21-476477570-3970196156-4123418207-1114","ObjectType":"User"},{"ObjectIdentifier":"S-1-5-21-476477570-3970196156-4123418207-1121","ObjectType":"User"},{"ObjectIdentifier":"S-1-5-21-476477570-3970196156-4123418207-1106","ObjectType":"Group"},{"ObjectIdentifier":"S-1-5-21-476477570-3970196156-4123418207-1000","ObjectType":"User"}],"Aces":[{"PrincipalSID":"S-1-5-21-476477570-3970196156-4123418207-512","PrincipalType":"Group","RightName":"Owns","IsInherited":false},{"PrincipalSID":"S-1-5-21-476477570-3970196156-4123418207-512","PrincipalType":"Group","RightName":"WriteDacl","IsInherited":false},{"PrincipalSID":"S-1-5-21-476477570-3970196156-4123418207-512","PrincipalType":"Group","RightName":"WriteOwner","IsInherited":false},{"PrincipalSID":"S-1-5-21-304451303-2834811950-1444368090-519","PrincipalType":"Base","RightName":"GenericAll","IsInherited":true},{"PrincipalSID":"NORTH.SEVENKINGDOMS.LOCAL-S-1-5-32-544","PrincipalType":"Group","RightName":"WriteDacl","IsInherited":true},{"PrincipalSID":"NORTH.SEVENKINGDOMS.LOCAL-S-1-5-32-544","PrincipalType":"Group","RightName":"WriteOwner","IsInherited":true}],"ObjectIdentifier":"2435E395-C6A4-4D40-9D8C-323B59BEC4EF","IsDeleted":false,"IsACLProtected":false},{"Properties":{"domain":"NORTH.SEVENKINGDOMS.LOCAL","name":"WINSOCKSERVICES@NORTH.SEVENKINGDOMS.LOCAL","distinguishedname":"CN=WINSOCKSERVICES,CN=SYSTEM,DC=NORTH,DC=SEVENKINGDOMS,DC=LOCAL","domainsid":"S-1-5-21-476477570-3970196156-4123418207","highvalue":false},"ChildObjects":[],"Aces":[{"PrincipalSID":"S-1-5-21-476477570-3970196156-4123418207-512","PrincipalType":"Group","RightName":"Owns","IsInherited":false},{"PrincipalSID":"S-1-5-21-476477570-3970196156-4123418207-512","PrincipalType":"Group","RightName":"WriteDacl","IsInherited":false},{"PrincipalSID":"S-1-5-21-476477570-3970196156-4123418207-512","PrincipalType":"Group","RightName":"WriteOwner","IsInherited":false},{"PrincipalSID":"S-1-5-21-304451303-2834811950-1444368090-519","PrincipalType":"Base","RightName":"GenericAll","IsInherited":true},{"PrincipalSID":"NORTH.SEVENKINGDOMS.LOCAL-S-1-5-32-544","PrincipalType":"Group","RightName":"WriteDacl","IsInherited":true},{"PrincipalSID":"NORTH.SEVENKINGDOMS.LOCAL-S-1-5-32-544","PrincipalType":"Group","RightName":"WriteOwner","IsInherited":true}],"ObjectIdentifier":"64A94724-3816-497F-AD11-366E7786BCD7","IsDeleted":false,"IsACLProtected":false},{"Properties":{"domain":"NORTH.SEVENKINGDOMS.LOCAL","name":"RPCSERVICES@NORTH.SEVENKINGDOMS.LOCAL","distinguishedname":"CN=RPCSERVICES,CN=SYSTEM,DC=NORTH,DC=SEVENKINGDOMS,DC=LOCAL","domainsid":"S-1-5-21-476477570-3970196156-4123418207","highvalue":false},"ChildObjects":[],"Aces":[{"PrincipalSID":"S-1-5-21-476477570-3970196156-4123418207-512","PrincipalType":"Group","RightName":"Owns","IsInherited":false},{"PrincipalSID":"S-1-5-21-476477570-3970196156-4123418207-512","PrincipalType":"Group","RightName":"WriteDacl","IsInherited":false},{"PrincipalSID":"S-1-5-21-476477570-3970196156-4123418207-512","PrincipalType":"Group","RightName":"WriteOwner","IsInherited":false},{"PrincipalSID":"S-1-5-21-304451303-2834811950-1444368090-519","PrincipalType":"Base","RightName":"GenericAll","IsInherited":true},{"PrincipalSID":"NORTH.SEVENKINGDOMS.LOCAL-S-1-5-32-544","PrincipalType":"Group","RightName":"WriteDacl","IsInherited":true},{"PrincipalSID":"NORTH.SEVENKINGDOMS.LOCAL-S-1-5-32-544","PrincipalType":"Group","RightName":"WriteOwner","IsInherited":true}],"ObjectIdentifier":"2DC4101B-D366-4D0B-A68A-5E7A852E47F5","IsDeleted":false,"IsACLProtected":false},{"Properties":{"domain":"NORTH.SEVENKINGDOMS.LOCAL","name":"MEETINGS@NORTH.SEVENKINGDOMS.LOCAL","distinguishedname":"CN=MEETINGS,CN=SYSTEM,DC=NORTH,DC=SEVENKINGDOMS,DC=LOCAL","domainsid":"S-1-5-21-476477570-3970196156-4123418207","highvalue":false},"ChildObjects":[],"Aces":[{"PrincipalSID":"S-1-5-21-476477570-3970196156-4123418207-512","PrincipalType":"Group","RightName":"Owns","IsInherited":false},{"PrincipalSID":"S-1-5-21-476477570-3970196156-4123418207-512","PrincipalType":"Group","RightName":"WriteDacl","IsInherited":false},{"PrincipalSID":"S-1-5-21-476477570-3970196156-4123418207-512","PrincipalType":"Group","RightName":"WriteOwner","IsInherited":false},{"PrincipalSID":"S-1-5-21-304451303-2834811950-1444368090-519","PrincipalType":"Base","RightName":"GenericAll","IsInherited":true},{"PrincipalSID":"NORTH.SEVENKINGDOMS.LOCAL-S-1-5-32-544","PrincipalType":"Group","RightName":"WriteDacl","IsInherited":true},{"PrincipalSID":"NORTH.SEVENKINGDOMS.LOCAL-S-1-5-32-544","PrincipalType":"Group","RightName":"WriteOwner","IsInherited":true}],"ObjectIdentifier":"C9F15236-8200-453A-A425-860207098BC1","IsDeleted":false,"IsACLProtected":false},{"Properties":{"domain":"NORTH.SEVENKINGDOMS.LOCAL","name":"COMPARTITIONSETS@NORTH.SEVENKINGDOMS.LOCAL","distinguishedname":"CN=COMPARTITIONSETS,CN=SYSTEM,DC=NORTH,DC=SEVENKINGDOMS,DC=LOCAL","domainsid":"S-1-5-21-476477570-3970196156-4123418207","highvalue":false},"ChildObjects":[],"Aces":[{"PrincipalSID":"S-1-5-21-476477570-3970196156-4123418207-512","PrincipalType":"Group","RightName":"Owns","IsInherited":false},{"PrincipalSID":"S-1-5-21-476477570-3970196156-4123418207-512","PrincipalType":"Group","RightName":"WriteDacl","IsInherited":false},{"PrincipalSID":"S-1-5-21-476477570-3970196156-4123418207-512","PrincipalType":"Group","RightName":"WriteOwner","IsInherited":false},{"PrincipalSID":"S-1-5-21-304451303-2834811950-1444368090-519","PrincipalType":"Base","RightName":"GenericAll","IsInherited":true},{"PrincipalSID":"NORTH.SEVENKINGDOMS.LOCAL-S-1-5-32-544","PrincipalType":"Group","RightName":"WriteDacl","IsInherited":true},{"PrincipalSID":"NORTH.SEVENKINGDOMS.LOCAL-S-1-5-32-544","PrincipalType":"Group","RightName":"WriteOwner","IsInherited":true}],"ObjectIdentifier":"55184284-7F10-4E19-9526-F4271561449E","IsDeleted":false,"IsACLProtected":false},{"Properties":{"domain":"NORTH.SEVENKINGDOMS.LOCAL","name":"WMIGPO@NORTH.SEVENKINGDOMS.LOCAL","distinguishedname":"CN=WMIGPO,CN=WMIPOLICY,CN=SYSTEM,DC=NORTH,DC=SEVENKINGDOMS,DC=LOCAL","domainsid":"S-1-5-21-476477570-3970196156-4123418207","highvalue":false},"ChildObjects":[],"Aces":[{"PrincipalSID":"S-1-5-21-476477570-3970196156-4123418207-512","PrincipalType":"Group","RightName":"Owns","IsInherited":false},{"PrincipalSID":"S-1-5-21-476477570-3970196156-4123418207-512","PrincipalType":"Group","RightName":"WriteDacl","IsInherited":false},{"PrincipalSID":"S-1-5-21-476477570-3970196156-4123418207-512","PrincipalType":"Group","RightName":"WriteOwner","IsInherited":false},{"PrincipalSID":"S-1-5-21-304451303-2834811950-1444368090-519","PrincipalType":"Base","RightName":"GenericAll","IsInherited":true},{"PrincipalSID":"S-1-5-21-476477570-3970196156-4123418207-512","PrincipalType":"Group","RightName":"GenericAll","IsInherited":true}],"ObjectIdentifier":"98377C3A-5DAD-4D7B-B7BC-5BA420F40F6A","IsDeleted":false,"IsACLProtected":false},{"Properties":{"domain":"NORTH.SEVENKINGDOMS.LOCAL","name":"POLICYTYPE@NORTH.SEVENKINGDOMS.LOCAL","distinguishedname":"CN=POLICYTYPE,CN=WMIPOLICY,CN=SYSTEM,DC=NORTH,DC=SEVENKINGDOMS,DC=LOCAL","domainsid":"S-1-5-21-476477570-3970196156-4123418207","highvalue":false},"ChildObjects":[],"Aces":[{"PrincipalSID":"S-1-5-21-476477570-3970196156-4123418207-512","PrincipalType":"Group","RightName":"Owns","IsInherited":false},{"PrincipalSID":"S-1-5-21-476477570-3970196156-4123418207-512","PrincipalType":"Group","RightName":"WriteDacl","IsInherited":false},{"PrincipalSID":"S-1-5-21-476477570-3970196156-4123418207-512","PrincipalType":"Group","RightName":"WriteOwner","IsInherited":false},{"PrincipalSID":"S-1-5-21-304451303-2834811950-1444368090-519","PrincipalType":"Base","RightName":"GenericAll","IsInherited":true},{"PrincipalSID":"S-1-5-21-476477570-3970196156-4123418207-512","PrincipalType":"Group","RightName":"GenericAll","IsInherited":true}],"ObjectIdentifier":"01014A74-0728-42DC-81D5-E77D8B3B967F","IsDeleted":false,"IsACLProtected":false},{"Properties":{"domain":"NORTH.SEVENKINGDOMS.LOCAL","name":"PSPS@NORTH.SEVENKINGDOMS.LOCAL","distinguishedname":"CN=PSPS,CN=SYSTEM,DC=NORTH,DC=SEVENKINGDOMS,DC=LOCAL","domainsid":"S-1-5-21-476477570-3970196156-4123418207","highvalue":false},"ChildObjects":[],"Aces":[{"PrincipalSID":"S-1-5-21-476477570-3970196156-4123418207-512","PrincipalType":"Group","RightName":"Owns","IsInherited":false},{"PrincipalSID":"S-1-5-21-476477570-3970196156-4123418207-512","PrincipalType":"Group","RightName":"GenericAll","IsInherited":false},{"PrincipalSID":"S-1-5-21-304451303-2834811950-1444368090-519","PrincipalType":"Base","RightName":"GenericAll","IsInherited":true},{"PrincipalSID":"NORTH.SEVENKINGDOMS.LOCAL-S-1-5-32-544","PrincipalType":"Group","RightName":"WriteDacl","IsInherited":true},{"PrincipalSID":"NORTH.SEVENKINGDOMS.LOCAL-S-1-5-32-544","PrincipalType":"Group","RightName":"WriteOwner","IsInherited":true}],"ObjectIdentifier":"AC8E68D8-3D55-4D94-AB3C-EBA2DCBE6D6E","IsDeleted":false,"IsACLProtected":false},{"Properties":{"domain":"NORTH.SEVENKINGDOMS.LOCAL","name":"COMPARTITIONS@NORTH.SEVENKINGDOMS.LOCAL","distinguishedname":"CN=COMPARTITIONS,CN=SYSTEM,DC=NORTH,DC=SEVENKINGDOMS,DC=LOCAL","domainsid":"S-1-5-21-476477570-3970196156-4123418207","highvalue":false},"ChildObjects":[],"Aces":[{"PrincipalSID":"S-1-5-21-476477570-3970196156-4123418207-512","PrincipalType":"Group","RightName":"Owns","IsInherited":false},{"PrincipalSID":"S-1-5-21-476477570-3970196156-4123418207-512","PrincipalType":"Group","RightName":"WriteDacl","IsInherited":false},{"PrincipalSID":"S-1-5-21-476477570-3970196156-4123418207-512","PrincipalType":"Group","RightName":"WriteOwner","IsInherited":false},{"PrincipalSID":"S-1-5-21-304451303-2834811950-1444368090-519","PrincipalType":"Base","RightName":"GenericAll","IsInherited":true},{"PrincipalSID":"NORTH.SEVENKINGDOMS.LOCAL-S-1-5-32-544","PrincipalType":"Group","RightName":"WriteDacl","IsInherited":true},{"PrincipalSID":"NORTH.SEVENKINGDOMS.LOCAL-S-1-5-32-544","PrincipalType":"Group","RightName":"WriteOwner","IsInherited":true}],"ObjectIdentifier":"32AEA3FD-13F7-49C2-B4E2-C361207C7301","IsDeleted":false,"IsACLProtected":false},{"Properties":{"domain":"NORTH.SEVENKINGDOMS.LOCAL","name":"MICROSOFT@NORTH.SEVENKINGDOMS.LOCAL","distinguishedname":"CN=MICROSOFT,CN=PROGRAM DATA,DC=NORTH,DC=SEVENKINGDOMS,DC=LOCAL","domainsid":"S-1-5-21-476477570-3970196156-4123418207","highvalue":false},"ChildObjects":[],"Aces":[{"PrincipalSID":"S-1-5-21-476477570-3970196156-4123418207-512","PrincipalType":"Group","RightName":"Owns","IsInherited":false},{"PrincipalSID":"S-1-5-21-476477570-3970196156-4123418207-512","PrincipalType":"Group","RightName":"GenericAll","IsInherited":false},{"PrincipalSID":"S-1-5-21-304451303-2834811950-1444368090-519","PrincipalType":"Base","RightName":"GenericAll","IsInherited":true},{"PrincipalSID":"NORTH.SEVENKINGDOMS.LOCAL-S-1-5-32-544","PrincipalType":"Group","RightName":"WriteDacl","IsInherited":true},{"PrincipalSID":"NORTH.SEVENKINGDOMS.LOCAL-S-1-5-32-544","PrincipalType":"Group","RightName":"WriteOwner","IsInherited":true}],"ObjectIdentifier":"0EFF07E9-B584-46E8-8F43-159600C8FA89","IsDeleted":false,"IsACLProtected":false},{"Properties":{"domain":"NORTH.SEVENKINGDOMS.LOCAL","name":"POLICYTEMPLATE@NORTH.SEVENKINGDOMS.LOCAL","distinguishedname":"CN=POLICYTEMPLATE,CN=WMIPOLICY,CN=SYSTEM,DC=NORTH,DC=SEVENKINGDOMS,DC=LOCAL","domainsid":"S-1-5-21-476477570-3970196156-4123418207","highvalue":false},"ChildObjects":[],"Aces":[{"PrincipalSID":"S-1-5-21-476477570-3970196156-4123418207-512","PrincipalType":"Group","RightName":"Owns","IsInherited":false},{"PrincipalSID":"S-1-5-21-476477570-3970196156-4123418207-512","PrincipalType":"Group","RightName":"WriteDacl","IsInherited":false},{"PrincipalSID":"S-1-5-21-476477570-3970196156-4123418207-512","PrincipalType":"Group","RightName":"WriteOwner","IsInherited":false},{"PrincipalSID":"S-1-5-21-304451303-2834811950-1444368090-519","PrincipalType":"Base","RightName":"GenericAll","IsInherited":true},{"PrincipalSID":"S-1-5-21-476477570-3970196156-4123418207-512","PrincipalType":"Group","RightName":"GenericAll","IsInherited":true}],"ObjectIdentifier":"91BC56E0-3536-4CF5-94A2-AA49018EDAF9","IsDeleted":false,"IsACLProtected":false},{"Properties":{"domain":"NORTH.SEVENKINGDOMS.LOCAL","name":"SOM@NORTH.SEVENKINGDOMS.LOCAL","distinguishedname":"CN=SOM,CN=WMIPOLICY,CN=SYSTEM,DC=NORTH,DC=SEVENKINGDOMS,DC=LOCAL","domainsid":"S-1-5-21-476477570-3970196156-4123418207","highvalue":false},"ChildObjects":[],"Aces":[{"PrincipalSID":"S-1-5-21-476477570-3970196156-4123418207-512","PrincipalType":"Group","RightName":"Owns","IsInherited":false},{"PrincipalSID":"S-1-5-21-304451303-2834811950-1444368090-519","PrincipalType":"Base","RightName":"GenericAll","IsInherited":false},{"PrincipalSID":"S-1-5-21-476477570-3970196156-4123418207-512","PrincipalType":"Group","RightName":"GenericAll","IsInherited":false}],"ObjectIdentifier":"124505A3-D1CE-4C43-8906-1D4828275E4D","IsDeleted":false,"IsACLProtected":true},{"Properties":{"domain":"NORTH.SEVENKINGDOMS.LOCAL","name":"PROGRAM DATA@NORTH.SEVENKINGDOMS.LOCAL","distinguishedname":"CN=PROGRAM DATA,DC=NORTH,DC=SEVENKINGDOMS,DC=LOCAL","domainsid":"S-1-5-21-476477570-3970196156-4123418207","highvalue":false},"ChildObjects":[],"Aces":[{"PrincipalSID":"S-1-5-21-476477570-3970196156-4123418207-512","PrincipalType":"Group","RightName":"Owns","IsInherited":false},{"PrincipalSID":"S-1-5-21-476477570-3970196156-4123418207-512","PrincipalType":"Group","RightName":"GenericAll","IsInherited":false},{"PrincipalSID":"S-1-5-21-304451303-2834811950-1444368090-519","PrincipalType":"Base","RightName":"GenericAll","IsInherited":true},{"PrincipalSID":"NORTH.SEVENKINGDOMS.LOCAL-S-1-5-32-544","PrincipalType":"Group","RightName":"WriteDacl","IsInherited":true},{"PrincipalSID":"NORTH.SEVENKINGDOMS.LOCAL-S-1-5-32-544","PrincipalType":"Group","RightName":"WriteOwner","IsInherited":true}],"ObjectIdentifier":"17DE1920-A6F9-4B0C-A4BB-C1B7A2CA04A9","IsDeleted":false,"IsACLProtected":false},{"Properties":{"domain":"NORTH.SEVENKINGDOMS.LOCAL","name":"MANAGED SERVICE ACCOUNTS@NORTH.SEVENKINGDOMS.LOCAL","distinguishedname":"CN=MANAGED SERVICE ACCOUNTS,DC=NORTH,DC=SEVENKINGDOMS,DC=LOCAL","domainsid":"S-1-5-21-476477570-3970196156-4123418207","highvalue":false},"ChildObjects":[],"Aces":[{"PrincipalSID":"S-1-5-21-476477570-3970196156-4123418207-512","PrincipalType":"Group","RightName":"Owns","IsInherited":false},{"PrincipalSID":"S-1-5-21-476477570-3970196156-4123418207-512","PrincipalType":"Group","RightName":"WriteDacl","IsInherited":false},{"PrincipalSID":"S-1-5-21-476477570-3970196156-4123418207-512","PrincipalType":"Group","RightName":"WriteOwner","IsInherited":false},{"PrincipalSID":"S-1-5-21-304451303-2834811950-1444368090-519","PrincipalType":"Base","RightName":"GenericAll","IsInherited":true},{"PrincipalSID":"NORTH.SEVENKINGDOMS.LOCAL-S-1-5-32-544","PrincipalType":"Group","RightName":"WriteDacl","IsInherited":true},{"PrincipalSID":"NORTH.SEVENKINGDOMS.LOCAL-S-1-5-32-544","PrincipalType":"Group","RightName":"WriteOwner","IsInherited":true}],"ObjectIdentifier":"B9561EE4-8BA7-4128-A2DC-52F848A61797","IsDeleted":false,"IsACLProtected":false},{"Properties":{"domain":"NORTH.SEVENKINGDOMS.LOCAL","name":"ADMINSDHOLDER@NORTH.SEVENKINGDOMS.LOCAL","distinguishedname":"CN=ADMINSDHOLDER,CN=SYSTEM,DC=NORTH,DC=SEVENKINGDOMS,DC=LOCAL","domainsid":"S-1-5-21-476477570-3970196156-4123418207","highvalue":false},"ChildObjects":[],"Aces":[{"PrincipalSID":"S-1-5-21-476477570-3970196156-4123418207-512","PrincipalType":"Group","RightName":"Owns","IsInherited":false},{"PrincipalSID":"NORTH.SEVENKINGDOMS.LOCAL-S-1-5-32-544","PrincipalType":"Group","RightName":"WriteDacl","IsInherited":false},{"PrincipalSID":"NORTH.SEVENKINGDOMS.LOCAL-S-1-5-32-544","PrincipalType":"Group","RightName":"WriteOwner","IsInherited":false},{"PrincipalSID":"S-1-5-21-304451303-2834811950-1444368090-519","PrincipalType":"Base","RightName":"WriteDacl","IsInherited":false},{"PrincipalSID":"S-1-5-21-304451303-2834811950-1444368090-519","PrincipalType":"Base","RightName":"WriteOwner","IsInherited":false},{"PrincipalSID":"S-1-5-21-476477570-3970196156-4123418207-512","PrincipalType":"Group","RightName":"WriteDacl","IsInherited":false},{"PrincipalSID":"S-1-5-21-476477570-3970196156-4123418207-512","PrincipalType":"Group","RightName":"WriteOwner","IsInherited":false}],"ObjectIdentifier":"02F1461E-118D-4721-86C2-41EF49FB377B","IsDeleted":false,"IsACLProtected":true},{"Properties":{"domain":"NORTH.SEVENKINGDOMS.LOCAL","name":"FOREIGNSECURITYPRINCIPALS@NORTH.SEVENKINGDOMS.LOCAL","distinguishedname":"CN=FOREIGNSECURITYPRINCIPALS,DC=NORTH,DC=SEVENKINGDOMS,DC=LOCAL","domainsid":"S-1-5-21-476477570-3970196156-4123418207","highvalue":false},"ChildObjects":[],"Aces":[{"PrincipalSID":"S-1-5-21-476477570-3970196156-4123418207-512","PrincipalType":"Group","RightName":"Owns","IsInherited":false},{"PrincipalSID":"S-1-5-21-476477570-3970196156-4123418207-512","PrincipalType":"Group","RightName":"GenericAll","IsInherited":false},{"PrincipalSID":"S-1-5-21-304451303-2834811950-1444368090-519","PrincipalType":"Base","RightName":"GenericAll","IsInherited":true},{"PrincipalSID":"NORTH.SEVENKINGDOMS.LOCAL-S-1-5-32-544","PrincipalType":"Group","RightName":"WriteDacl","IsInherited":true},{"PrincipalSID":"NORTH.SEVENKINGDOMS.LOCAL-S-1-5-32-544","PrincipalType":"Group","RightName":"WriteOwner","IsInherited":true}],"ObjectIdentifier":"6FA5662A-4A13-4DD0-8AB6-ED3DECD35EB3","IsDeleted":false,"IsACLProtected":false},{"Properties":{"domain":"NORTH.SEVENKINGDOMS.LOCAL","name":"WMIPOLICY@NORTH.SEVENKINGDOMS.LOCAL","distinguishedname":"CN=WMIPOLICY,CN=SYSTEM,DC=NORTH,DC=SEVENKINGDOMS,DC=LOCAL","domainsid":"S-1-5-21-476477570-3970196156-4123418207","highvalue":false},"ChildObjects":[],"Aces":[{"PrincipalSID":"S-1-5-21-476477570-3970196156-4123418207-512","PrincipalType":"Group","RightName":"Owns","IsInherited":false},{"PrincipalSID":"S-1-5-21-304451303-2834811950-1444368090-519","PrincipalType":"Base","RightName":"GenericAll","IsInherited":false},{"PrincipalSID":"S-1-5-21-476477570-3970196156-4123418207-512","PrincipalType":"Group","RightName":"GenericAll","IsInherited":false}],"ObjectIdentifier":"E72B8AD0-B552-41F3-80B2-146E8C704389","IsDeleted":false,"IsACLProtected":true},{"Properties":{"domain":"NORTH.SEVENKINGDOMS.LOCAL","name":"COMPUTERS@NORTH.SEVENKINGDOMS.LOCAL","distinguishedname":"CN=COMPUTERS,DC=NORTH,DC=SEVENKINGDOMS,DC=LOCAL","domainsid":"S-1-5-21-476477570-3970196156-4123418207","highvalue":false},"ChildObjects":[{"ObjectIdentifier":"S-1-5-21-476477570-3970196156-4123418207-1104","ObjectType":"Computer"}],"Aces":[{"PrincipalSID":"S-1-5-21-476477570-3970196156-4123418207-512","PrincipalType":"Group","RightName":"Owns","IsInherited":false},{"PrincipalSID":"S-1-5-21-476477570-3970196156-4123418207-512","PrincipalType":"Group","RightName":"WriteDacl","IsInherited":false},{"PrincipalSID":"S-1-5-21-476477570-3970196156-4123418207-512","PrincipalType":"Group","RightName":"WriteOwner","IsInherited":false},{"PrincipalSID":"S-1-5-21-304451303-2834811950-1444368090-519","PrincipalType":"Base","RightName":"GenericAll","IsInherited":true},{"PrincipalSID":"NORTH.SEVENKINGDOMS.LOCAL-S-1-5-32-544","PrincipalType":"Group","RightName":"WriteDacl","IsInherited":true},{"PrincipalSID":"NORTH.SEVENKINGDOMS.LOCAL-S-1-5-32-544","PrincipalType":"Group","RightName":"WriteOwner","IsInherited":true}],"ObjectIdentifier":"530CE7F7-2830-401E-866E-5D82EB5EB2A8","IsDeleted":false,"IsACLProtected":false},{"Properties":{"domain":"NORTH.SEVENKINGDOMS.LOCAL","name":"SYSTEM@NORTH.SEVENKINGDOMS.LOCAL","distinguishedname":"CN=SYSTEM,DC=NORTH,DC=SEVENKINGDOMS,DC=LOCAL","domainsid":"S-1-5-21-476477570-3970196156-4123418207","highvalue":false},"ChildObjects":[],"Aces":[{"PrincipalSID":"S-1-5-21-476477570-3970196156-4123418207-512","PrincipalType":"Group","RightName":"Owns","IsInherited":false},{"PrincipalSID":"S-1-5-21-476477570-3970196156-4123418207-512","PrincipalType":"Group","RightName":"WriteDacl","IsInherited":false},{"PrincipalSID":"S-1-5-21-476477570-3970196156-4123418207-512","PrincipalType":"Group","RightName":"WriteOwner","IsInherited":false},{"PrincipalSID":"S-1-5-21-304451303-2834811950-1444368090-519","PrincipalType":"Base","RightName":"GenericAll","IsInherited":true},{"PrincipalSID":"NORTH.SEVENKINGDOMS.LOCAL-S-1-5-32-544","PrincipalType":"Group","RightName":"WriteDacl","IsInherited":true},{"PrincipalSID":"NORTH.SEVENKINGDOMS.LOCAL-S-1-5-32-544","PrincipalType":"Group","RightName":"WriteOwner","IsInherited":true}],"ObjectIdentifier":"78785396-05AC-42F3-9416-02A5A197494D","IsDeleted":false,"IsACLProtected":false}],"meta":{"methods":29675,"type":"containers","count":20,"version":5}}