﻿{"data":[{"Properties":{"domain":"NORTH.SEVENKINGDOMS.LOCAL","name":"KRBTGT@NORTH.SEVENKINGDOMS.LOCAL","distinguishedname":"CN=KRBTGT,CN=USERS,DC=NORTH,DC=SEVENKINGDOMS,DC=LOCAL","domainsid":"S-1-5-21-476477570-3970196156-4123418207","highvalue":false,"samaccountname":"krbtgt","description":"Key Distribution Center Service Account","whencreated":1700702725,"sensitive":false,"dontreqpreauth":false,"passwordnotreqd":false,"unconstraineddelegation":false,"pwdneverexpires":false,"enabled":false,"trustedtoauth":false,"lastlogon":0,"lastlogontimestamp":-1,"pwdlastset":1700731525,"serviceprincipalnames":["kadmin/changepw"],"hasspn":true,"displayname":null,"email":null,"title":null,"homedirectory":null,"userpassword":null,"unixpassword":null,"unicodepassword":null,"sfupassword":null,"logonscript":null,"admincount":true,"sidhistory":[]},"AllowedToDelegate":[],"PrimaryGroupSID":"S-1-5-21-476477570-3970196156-4123418207-513","HasSIDHistory":[],"SPNTargets":[],"Aces":[{"PrincipalSID":"S-1-5-21-476477570-3970196156-4123418207-512","PrincipalType":"Group","RightName":"Owns","IsInherited":false},{"PrincipalSID":"NORTH.SEVENKINGDOMS.LOCAL-S-1-5-32-544","PrincipalType":"Group","RightName":"WriteDacl","IsInherited":false},{"PrincipalSID":"NORTH.SEVENKINGDOMS.LOCAL-S-1-5-32-544","PrincipalType":"Group","RightName":"WriteOwner","IsInherited":false},{"PrincipalSID":"NORTH.SEVENKINGDOMS.LOCAL-S-1-5-32-544","PrincipalType":"Group","RightName":"AllExtendedRights","IsInherited":false},{"PrincipalSID":"NORTH.SEVENKINGDOMS.LOCAL-S-1-5-32-544","PrincipalType":"Group","RightName":"GenericWrite","IsInherited":false},{"PrincipalSID":"S-1-5-21-304451303-2834811950-1444368090-519","PrincipalType":"Base","RightName":"WriteDacl","IsInherited":false},{"PrincipalSID":"S-1-5-21-304451303-2834811950-1444368090-519","PrincipalType":"Base","RightName":"WriteOwner","IsInherited":false},{"PrincipalSID":"S-1-5-21-304451303-2834811950-1444368090-519","PrincipalType":"Base","RightName":"AllExtendedRights","IsInherited":false},{"PrincipalSID":"S-1-5-21-304451303-2834811950-1444368090-519","PrincipalType":"Base","RightName":"GenericWrite","IsInherited":false},{"PrincipalSID":"S-1-5-21-476477570-3970196156-4123418207-512","PrincipalType":"Group","RightName":"WriteDacl","IsInherited":false},{"PrincipalSID":"S-1-5-21-476477570-3970196156-4123418207-512","PrincipalType":"Group","RightName":"WriteOwner","IsInherited":false},{"PrincipalSID":"S-1-5-21-476477570-3970196156-4123418207-512","PrincipalType":"Group","RightName":"AllExtendedRights","IsInherited":false},{"PrincipalSID":"S-1-5-21-476477570-3970196156-4123418207-512","PrincipalType":"Group","RightName":"GenericWrite","IsInherited":false}],"ObjectIdentifier":"S-1-5-21-476477570-3970196156-4123418207-502","IsDeleted":false,"IsACLProtected":true},{"Properties":{"domain":"NORTH.SEVENKINGDOMS.LOCAL","name":"ARYA.STARK@NORTH.SEVENKINGDOMS.LOCAL","distinguishedname":"CN=ARYA.STARK,CN=USERS,DC=NORTH,DC=SEVENKINGDOMS,DC=LOCAL","domainsid":"S-1-5-21-476477570-3970196156-4123418207","highvalue":false,"samaccountname":"arya.stark","description":"Arya Stark","whencreated":0,"sensitive":false,"dontreqpreauth":false,"passwordnotreqd":false,"unconstraineddelegation":false,"pwdneverexpires":false,"enabled":true,"trustedtoauth":false,"lastlogon":-1,"lastlogontimestamp":-1,"pwdlastset":-1,"serviceprincipalnames":[],"hasspn":false,"displayname":null,"email":null,"title":null,"homedirectory":null,"userpassword":null,"unixpassword":null,"unicodepassword":null,"sfupassword":null,"logonscript":null,"admincount":false,"sidhistory":[]},"AllowedToDelegate":[],"PrimaryGroupSID":"S-1-5-21-476477570-3970196156-4123418207-513","HasSIDHistory":[],"SPNTargets":[],"Aces":[{"PrincipalSID":"S-1-5-21-476477570-3970196156-4123418207-512","PrincipalType":"Group","RightName":"Owns","IsInherited":false},{"PrincipalSID":"NORTH.SEVENKINGDOMS.LOCAL-S-1-5-32-548","PrincipalType":"Group","RightName":"GenericAll","IsInherited":false},{"PrincipalSID":"S-1-5-21-476477570-3970196156-4123418207-512","PrincipalType":"Group","RightName":"GenericAll","IsInherited":false},{"PrincipalSID":"S-1-5-21-476477570-3970196156-4123418207-526","PrincipalType":"Group","RightName":"AddKeyCredentialLink","IsInherited":true},{"PrincipalSID":"S-1-5-21-304451303-2834811950-1444368090-527","PrincipalType":"Base","RightName":"AddKeyCredentialLink","IsInherited":true},{"PrincipalSID":"S-1-5-21-304451303-2834811950-1444368090-519","PrincipalType":"Base","RightName":"GenericAll","IsInherited":true},{"PrincipalSID":"NORTH.SEVENKINGDOMS.LOCAL-S-1-5-32-544","PrincipalType":"Group","RightName":"WriteDacl","IsInherited":true},{"PrincipalSID":"NORTH.SEVENKINGDOMS.LOCAL-S-1-5-32-544","PrincipalType":"Group","RightName":"WriteOwner","IsInherited":true},{"PrincipalSID":"NORTH.SEVENKINGDOMS.LOCAL-S-1-5-32-544","PrincipalType":"Group","RightName":"AllExtendedRights","IsInherited":true},{"PrincipalSID":"NORTH.SEVENKINGDOMS.LOCAL-S-1-5-32-544","PrincipalType":"Group","RightName":"GenericWrite","IsInherited":true}],"ObjectIdentifier":"S-1-5-21-476477570-3970196156-4123418207-1110","IsDeleted":false,"IsACLProtected":false},{"Properties":{"domain":"NORTH.SEVENKINGDOMS.LOCAL","name":"RICKON.STARK@NORTH.SEVENKINGDOMS.LOCAL","distinguishedname":"CN=RICKON.STARK,CN=USERS,DC=NORTH,DC=SEVENKINGDOMS,DC=LOCAL","domainsid":"S-1-5-21-476477570-3970196156-4123418207","highvalue":false,"samaccountname":"rickon.stark","description":"Rickon Stark","whencreated":0,"sensitive":false,"dontreqpreauth":false,"passwordnotreqd":false,"unconstraineddelegation":false,"pwdneverexpires":false,"enabled":true,"trustedtoauth":false,"lastlogon":-1,"lastlogontimestamp":-1,"pwdlastset":-1,"serviceprincipalnames":[],"hasspn":false,"displayname":null,"email":null,"title":null,"homedirectory":null,"userpassword":null,"unixpassword":null,"unicodepassword":null,"sfupassword":null,"logonscript":null,"admincount":false,"sidhistory":[]},"AllowedToDelegate":[],"PrimaryGroupSID":"S-1-5-21-476477570-3970196156-4123418207-513","HasSIDHistory":[],"SPNTargets":[],"Aces":[{"PrincipalSID":"S-1-5-21-476477570-3970196156-4123418207-512","PrincipalType":"Group","RightName":"Owns","IsInherited":false},{"PrincipalSID":"NORTH.SEVENKINGDOMS.LOCAL-S-1-5-32-548","PrincipalType":"Group","RightName":"GenericAll","IsInherited":false},{"PrincipalSID":"S-1-5-21-476477570-3970196156-4123418207-512","PrincipalType":"Group","RightName":"GenericAll","IsInherited":false},{"PrincipalSID":"S-1-5-21-476477570-3970196156-4123418207-526","PrincipalType":"Group","RightName":"AddKeyCredentialLink","IsInherited":true},{"PrincipalSID":"S-1-5-21-304451303-2834811950-1444368090-527","PrincipalType":"Base","RightName":"AddKeyCredentialLink","IsInherited":true},{"PrincipalSID":"S-1-5-21-304451303-2834811950-1444368090-519","PrincipalType":"Base","RightName":"GenericAll","IsInherited":true},{"PrincipalSID":"NORTH.SEVENKINGDOMS.LOCAL-S-1-5-32-544","PrincipalType":"Group","RightName":"WriteDacl","IsInherited":true},{"PrincipalSID":"NORTH.SEVENKINGDOMS.LOCAL-S-1-5-32-544","PrincipalType":"Group","RightName":"WriteOwner","IsInherited":true},{"PrincipalSID":"NORTH.SEVENKINGDOMS.LOCAL-S-1-5-32-544","PrincipalType":"Group","RightName":"AllExtendedRights","IsInherited":true},{"PrincipalSID":"NORTH.SEVENKINGDOMS.LOCAL-S-1-5-32-544","PrincipalType":"Group","RightName":"GenericWrite","IsInherited":true}],"ObjectIdentifier":"S-1-5-21-476477570-3970196156-4123418207-1116","IsDeleted":false,"IsACLProtected":false},{"Properties":{"domain":"NORTH.SEVENKINGDOMS.LOCAL","name":"SANSA.STARK@NORTH.SEVENKINGDOMS.LOCAL","distinguishedname":"CN=SANSA.STARK,CN=USERS,DC=NORTH,DC=SEVENKINGDOMS,DC=LOCAL","domainsid":"S-1-5-21-476477570-3970196156-4123418207","highvalue":false,"samaccountname":"sansa.stark","description":"Sansa Stark","whencreated":0,"sensitive":false,"dontreqpreauth":false,"passwordnotreqd":false,"unconstraineddelegation":false,"pwdneverexpires":false,"enabled":true,"trustedtoauth":false,"lastlogon":-1,"lastlogontimestamp":-1,"pwdlastset":-1,"serviceprincipalnames":[],"hasspn":false,"displayname":null,"email":null,"title":null,"homedirectory":null,"userpassword":null,"unixpassword":null,"unicodepassword":null,"sfupassword":null,"logonscript":null,"admincount":false,"sidhistory":[]},"AllowedToDelegate":[],"PrimaryGroupSID":"S-1-5-21-476477570-3970196156-4123418207-513","HasSIDHistory":[],"SPNTargets":[],"Aces":[{"PrincipalSID":"S-1-5-21-476477570-3970196156-4123418207-512","PrincipalType":"Group","RightName":"Owns","IsInherited":false},{"PrincipalSID":"NORTH.SEVENKINGDOMS.LOCAL-S-1-5-32-548","PrincipalType":"Group","RightName":"GenericAll","IsInherited":false},{"PrincipalSID":"S-1-5-21-476477570-3970196156-4123418207-512","PrincipalType":"Group","RightName":"GenericAll","IsInherited":false},{"PrincipalSID":"S-1-5-21-476477570-3970196156-4123418207-526","PrincipalType":"Group","RightName":"AddKeyCredentialLink","IsInherited":true},{"PrincipalSID":"S-1-5-21-304451303-2834811950-1444368090-527","PrincipalType":"Base","RightName":"AddKeyCredentialLink","IsInherited":true},{"PrincipalSID":"S-1-5-21-304451303-2834811950-1444368090-519","PrincipalType":"Base","RightName":"GenericAll","IsInherited":true},{"PrincipalSID":"NORTH.SEVENKINGDOMS.LOCAL-S-1-5-32-544","PrincipalType":"Group","RightName":"WriteDacl","IsInherited":true},{"PrincipalSID":"NORTH.SEVENKINGDOMS.LOCAL-S-1-5-32-544","PrincipalType":"Group","RightName":"WriteOwner","IsInherited":true},{"PrincipalSID":"NORTH.SEVENKINGDOMS.LOCAL-S-1-5-32-544","PrincipalType":"Group","RightName":"AllExtendedRights","IsInherited":true},{"PrincipalSID":"NORTH.SEVENKINGDOMS.LOCAL-S-1-5-32-544","PrincipalType":"Group","RightName":"GenericWrite","IsInherited":true}],"ObjectIdentifier":"S-1-5-21-476477570-3970196156-4123418207-1114","IsDeleted":false,"IsACLProtected":false},{"Properties":{"domain":"NORTH.SEVENKINGDOMS.LOCAL","name":"CATELYN.STARK@NORTH.SEVENKINGDOMS.LOCAL","distinguishedname":"CN=CATELYN.STARK,CN=USERS,DC=NORTH,DC=SEVENKINGDOMS,DC=LOCAL","domainsid":"S-1-5-21-476477570-3970196156-4123418207","highvalue":false,"samaccountname":"catelyn.stark","description":"Catelyn Stark","whencreated":1700703865,"sensitive":false,"dontreqpreauth":false,"passwordnotreqd":false,"unconstraineddelegation":false,"pwdneverexpires":true,"enabled":true,"trustedtoauth":false,"lastlogon":0,"lastlogontimestamp":-1,"pwdlastset":1700809981,"serviceprincipalnames":[],"hasspn":false,"displayname":null,"email":null,"title":null,"homedirectory":null,"userpassword":null,"unixpassword":null,"unicodepassword":null,"sfupassword":null,"logonscript":null,"admincount":true,"sidhistory":[]},"AllowedToDelegate":[],"PrimaryGroupSID":"S-1-5-21-476477570-3970196156-4123418207-513","HasSIDHistory":[],"SPNTargets":[],"Aces":[{"PrincipalSID":"S-1-5-21-476477570-3970196156-4123418207-512","PrincipalType":"Group","RightName":"Owns","IsInherited":false},{"PrincipalSID":"NORTH.SEVENKINGDOMS.LOCAL-S-1-5-32-544","PrincipalType":"Group","RightName":"WriteDacl","IsInherited":false},{"PrincipalSID":"NORTH.SEVENKINGDOMS.LOCAL-S-1-5-32-544","PrincipalType":"Group","RightName":"WriteOwner","IsInherited":false},{"PrincipalSID":"NORTH.SEVENKINGDOMS.LOCAL-S-1-5-32-544","PrincipalType":"Group","RightName":"AllExtendedRights","IsInherited":false},{"PrincipalSID":"NORTH.SEVENKINGDOMS.LOCAL-S-1-5-32-544","PrincipalType":"Group","RightName":"GenericWrite","IsInherited":false},{"PrincipalSID":"S-1-5-21-304451303-2834811950-1444368090-519","PrincipalType":"Base","RightName":"WriteDacl","IsInherited":false},{"PrincipalSID":"S-1-5-21-304451303-2834811950-1444368090-519","PrincipalType":"Base","RightName":"WriteOwner","IsInherited":false},{"PrincipalSID":"S-1-5-21-304451303-2834811950-1444368090-519","PrincipalType":"Base","RightName":"AllExtendedRights","IsInherited":false},{"PrincipalSID":"S-1-5-21-304451303-2834811950-1444368090-519","PrincipalType":"Base","RightName":"GenericWrite","IsInherited":false},{"PrincipalSID":"S-1-5-21-476477570-3970196156-4123418207-512","PrincipalType":"Group","RightName":"WriteDacl","IsInherited":false},{"PrincipalSID":"S-1-5-21-476477570-3970196156-4123418207-512","PrincipalType":"Group","RightName":"WriteOwner","IsInherited":false},{"PrincipalSID":"S-1-5-21-476477570-3970196156-4123418207-512","PrincipalType":"Group","RightName":"AllExtendedRights","IsInherited":false},{"PrincipalSID":"S-1-5-21-476477570-3970196156-4123418207-512","PrincipalType":"Group","RightName":"GenericWrite","IsInherited":false}],"ObjectIdentifier":"S-1-5-21-476477570-3970196156-4123418207-1112","IsDeleted":false,"IsACLProtected":true},{"Properties":{"domain":"NORTH.SEVENKINGDOMS.LOCAL","name":"ROBB.STARK@NORTH.SEVENKINGDOMS.LOCAL","distinguishedname":"CN=ROBB.STARK,CN=USERS,DC=NORTH,DC=SEVENKINGDOMS,DC=LOCAL","domainsid":"S-1-5-21-476477570-3970196156-4123418207","highvalue":false,"samaccountname":"robb.stark","description":"Robb Stark","whencreated":1700703869,"sensitive":false,"dontreqpreauth":false,"passwordnotreqd":false,"unconstraineddelegation":false,"pwdneverexpires":true,"enabled":true,"trustedtoauth":false,"lastlogon":1700821318,"lastlogontimestamp":1700745292,"pwdlastset":1700809986,"serviceprincipalnames":[],"hasspn":false,"displayname":null,"email":null,"title":null,"homedirectory":null,"userpassword":null,"unixpassword":null,"unicodepassword":null,"sfupassword":null,"logonscript":null,"admincount":true,"sidhistory":[]},"AllowedToDelegate":[],"PrimaryGroupSID":"S-1-5-21-476477570-3970196156-4123418207-513","HasSIDHistory":[],"SPNTargets":[],"Aces":[{"PrincipalSID":"S-1-5-21-476477570-3970196156-4123418207-512","PrincipalType":"Group","RightName":"Owns","IsInherited":false},{"PrincipalSID":"NORTH.SEVENKINGDOMS.LOCAL-S-1-5-32-544","PrincipalType":"Group","RightName":"WriteDacl","IsInherited":false},{"PrincipalSID":"NORTH.SEVENKINGDOMS.LOCAL-S-1-5-32-544","PrincipalType":"Group","RightName":"WriteOwner","IsInherited":false},{"PrincipalSID":"NORTH.SEVENKINGDOMS.LOCAL-S-1-5-32-544","PrincipalType":"Group","RightName":"AllExtendedRights","IsInherited":false},{"PrincipalSID":"NORTH.SEVENKINGDOMS.LOCAL-S-1-5-32-544","PrincipalType":"Group","RightName":"GenericWrite","IsInherited":false},{"PrincipalSID":"S-1-5-21-304451303-2834811950-1444368090-519","PrincipalType":"Base","RightName":"WriteDacl","IsInherited":false},{"PrincipalSID":"S-1-5-21-304451303-2834811950-1444368090-519","PrincipalType":"Base","RightName":"WriteOwner","IsInherited":false},{"PrincipalSID":"S-1-5-21-304451303-2834811950-1444368090-519","PrincipalType":"Base","RightName":"AllExtendedRights","IsInherited":false},{"PrincipalSID":"S-1-5-21-304451303-2834811950-1444368090-519","PrincipalType":"Base","RightName":"GenericWrite","IsInherited":false},{"PrincipalSID":"S-1-5-21-476477570-3970196156-4123418207-512","PrincipalType":"Group","RightName":"WriteDacl","IsInherited":false},{"PrincipalSID":"S-1-5-21-476477570-3970196156-4123418207-512","PrincipalType":"Group","RightName":"WriteOwner","IsInherited":false},{"PrincipalSID":"S-1-5-21-476477570-3970196156-4123418207-512","PrincipalType":"Group","RightName":"AllExtendedRights","IsInherited":false},{"PrincipalSID":"S-1-5-21-476477570-3970196156-4123418207-512","PrincipalType":"Group","RightName":"GenericWrite","IsInherited":false}],"ObjectIdentifier":"S-1-5-21-476477570-3970196156-4123418207-1113","IsDeleted":false,"IsACLProtected":true},{"Properties":{"domain":"NORTH.SEVENKINGDOMS.LOCAL","name":"EDDARD.STARK@NORTH.SEVENKINGDOMS.LOCAL","distinguishedname":"CN=EDDARD.STARK,CN=USERS,DC=NORTH,DC=SEVENKINGDOMS,DC=LOCAL","domainsid":"S-1-5-21-476477570-3970196156-4123418207","highvalue":false,"samaccountname":"eddard.stark","description":"Eddard Stark","whencreated":1700703860,"sensitive":false,"dontreqpreauth":false,"passwordnotreqd":false,"unconstraineddelegation":false,"pwdneverexpires":true,"enabled":true,"trustedtoauth":false,"lastlogon":1700821068,"lastlogontimestamp":1700745328,"pwdlastset":1700809977,"serviceprincipalnames":[],"hasspn":false,"displayname":null,"email":null,"title":null,"homedirectory":null,"userpassword":null,"unixpassword":null,"unicodepassword":null,"sfupassword":null,"logonscript":null,"admincount":true,"sidhistory":[]},"AllowedToDelegate":[],"PrimaryGroupSID":"S-1-5-21-476477570-3970196156-4123418207-513","HasSIDHistory":[],"SPNTargets":[],"Aces":[{"PrincipalSID":"S-1-5-21-476477570-3970196156-4123418207-512","PrincipalType":"Group","RightName":"Owns","IsInherited":false},{"PrincipalSID":"NORTH.SEVENKINGDOMS.LOCAL-S-1-5-32-544","PrincipalType":"Group","RightName":"WriteDacl","IsInherited":false},{"PrincipalSID":"NORTH.SEVENKINGDOMS.LOCAL-S-1-5-32-544","PrincipalType":"Group","RightName":"WriteOwner","IsInherited":false},{"PrincipalSID":"NORTH.SEVENKINGDOMS.LOCAL-S-1-5-32-544","PrincipalType":"Group","RightName":"AllExtendedRights","IsInherited":false},{"PrincipalSID":"NORTH.SEVENKINGDOMS.LOCAL-S-1-5-32-544","PrincipalType":"Group","RightName":"GenericWrite","IsInherited":false},{"PrincipalSID":"S-1-5-21-304451303-2834811950-1444368090-519","PrincipalType":"Base","RightName":"WriteDacl","IsInherited":false},{"PrincipalSID":"S-1-5-21-304451303-2834811950-1444368090-519","PrincipalType":"Base","RightName":"WriteOwner","IsInherited":false},{"PrincipalSID":"S-1-5-21-304451303-2834811950-1444368090-519","PrincipalType":"Base","RightName":"AllExtendedRights","IsInherited":false},{"PrincipalSID":"S-1-5-21-304451303-2834811950-1444368090-519","PrincipalType":"Base","RightName":"GenericWrite","IsInherited":false},{"PrincipalSID":"S-1-5-21-476477570-3970196156-4123418207-512","PrincipalType":"Group","RightName":"WriteDacl","IsInherited":false},{"PrincipalSID":"S-1-5-21-476477570-3970196156-4123418207-512","PrincipalType":"Group","RightName":"WriteOwner","IsInherited":false},{"PrincipalSID":"S-1-5-21-476477570-3970196156-4123418207-512","PrincipalType":"Group","RightName":"AllExtendedRights","IsInherited":false},{"PrincipalSID":"S-1-5-21-476477570-3970196156-4123418207-512","PrincipalType":"Group","RightName":"GenericWrite","IsInherited":false}],"ObjectIdentifier":"S-1-5-21-476477570-3970196156-4123418207-1111","IsDeleted":false,"IsACLProtected":true},{"Properties":{"domain":"NORTH.SEVENKINGDOMS.LOCAL","name":"VAGRANT@NORTH.SEVENKINGDOMS.LOCAL","distinguishedname":"CN=VAGRANT,CN=USERS,DC=NORTH,DC=SEVENKINGDOMS,DC=LOCAL","domainsid":"S-1-5-21-476477570-3970196156-4123418207","highvalue":false,"samaccountname":"vagrant","description":"Vagrant User","whencreated":1700701957,"sensitive":false,"dontreqpreauth":false,"passwordnotreqd":false,"unconstraineddelegation":false,"pwdneverexpires":true,"enabled":true,"trustedtoauth":false,"lastlogon":1700811136,"lastlogontimestamp":1700731615,"pwdlastset":1620819535,"serviceprincipalnames":[],"hasspn":false,"displayname":"Vagrant","email":null,"title":null,"homedirectory":null,"userpassword":null,"unixpassword":null,"unicodepassword":null,"sfupassword":null,"logonscript":null,"admincount":true,"sidhistory":[]},"AllowedToDelegate":[],"PrimaryGroupSID":"S-1-5-21-476477570-3970196156-4123418207-513","HasSIDHistory":[],"SPNTargets":[],"Aces":[{"PrincipalSID":"S-1-5-21-476477570-3970196156-4123418207-512","PrincipalType":"Group","RightName":"Owns","IsInherited":false},{"PrincipalSID":"NORTH.SEVENKINGDOMS.LOCAL-S-1-5-32-544","PrincipalType":"Group","RightName":"WriteDacl","IsInherited":false},{"PrincipalSID":"NORTH.SEVENKINGDOMS.LOCAL-S-1-5-32-544","PrincipalType":"Group","RightName":"WriteOwner","IsInherited":false},{"PrincipalSID":"NORTH.SEVENKINGDOMS.LOCAL-S-1-5-32-544","PrincipalType":"Group","RightName":"AllExtendedRights","IsInherited":false},{"PrincipalSID":"NORTH.SEVENKINGDOMS.LOCAL-S-1-5-32-544","PrincipalType":"Group","RightName":"GenericWrite","IsInherited":false},{"PrincipalSID":"S-1-5-21-304451303-2834811950-1444368090-519","PrincipalType":"Base","RightName":"WriteDacl","IsInherited":false},{"PrincipalSID":"S-1-5-21-304451303-2834811950-1444368090-519","PrincipalType":"Base","RightName":"WriteOwner","IsInherited":false},{"PrincipalSID":"S-1-5-21-304451303-2834811950-1444368090-519","PrincipalType":"Base","RightName":"AllExtendedRights","IsInherited":false},{"PrincipalSID":"S-1-5-21-304451303-2834811950-1444368090-519","PrincipalType":"Base","RightName":"GenericWrite","IsInherited":false},{"PrincipalSID":"S-1-5-21-476477570-3970196156-4123418207-512","PrincipalType":"Group","RightName":"WriteDacl","IsInherited":false},{"PrincipalSID":"S-1-5-21-476477570-3970196156-4123418207-512","PrincipalType":"Group","RightName":"WriteOwner","IsInherited":false},{"PrincipalSID":"S-1-5-21-476477570-3970196156-4123418207-512","PrincipalType":"Group","RightName":"AllExtendedRights","IsInherited":false},{"PrincipalSID":"S-1-5-21-476477570-3970196156-4123418207-512","PrincipalType":"Group","RightName":"GenericWrite","IsInherited":false}],"ObjectIdentifier":"S-1-5-21-476477570-3970196156-4123418207-1000","IsDeleted":false,"IsACLProtected":true},{"Properties":{"domain":"NORTH.SEVENKINGDOMS.LOCAL","name":"HODOR@NORTH.SEVENKINGDOMS.LOCAL","distinguishedname":"CN=HODOR,CN=USERS,DC=NORTH,DC=SEVENKINGDOMS,DC=LOCAL","domainsid":"S-1-5-21-476477570-3970196156-4123418207","highvalue":false,"samaccountname":"hodor","description":"Brainless Giant","whencreated":0,"sensitive":false,"dontreqpreauth":false,"passwordnotreqd":false,"unconstraineddelegation":false,"pwdneverexpires":false,"enabled":true,"trustedtoauth":false,"lastlogon":-1,"lastlogontimestamp":-1,"pwdlastset":-1,"serviceprincipalnames":[],"hasspn":false,"displayname":null,"email":null,"title":null,"homedirectory":null,"userpassword":null,"unixpassword":null,"unicodepassword":null,"sfupassword":null,"logonscript":null,"admincount":false,"sidhistory":[]},"AllowedToDelegate":[],"PrimaryGroupSID":"S-1-5-21-476477570-3970196156-4123418207-513","HasSIDHistory":[],"SPNTargets":[],"Aces":[{"PrincipalSID":"S-1-5-21-476477570-3970196156-4123418207-512","PrincipalType":"Group","RightName":"Owns","IsInherited":false},{"PrincipalSID":"NORTH.SEVENKINGDOMS.LOCAL-S-1-5-32-548","PrincipalType":"Group","RightName":"GenericAll","IsInherited":false},{"PrincipalSID":"S-1-5-21-476477570-3970196156-4123418207-512","PrincipalType":"Group","RightName":"GenericAll","IsInherited":false},{"PrincipalSID":"S-1-5-21-476477570-3970196156-4123418207-526","PrincipalType":"Group","RightName":"AddKeyCredentialLink","IsInherited":true},{"PrincipalSID":"S-1-5-21-304451303-2834811950-1444368090-527","PrincipalType":"Base","RightName":"AddKeyCredentialLink","IsInherited":true},{"PrincipalSID":"S-1-5-21-304451303-2834811950-1444368090-519","PrincipalType":"Base","RightName":"GenericAll","IsInherited":true},{"PrincipalSID":"NORTH.SEVENKINGDOMS.LOCAL-S-1-5-32-544","PrincipalType":"Group","RightName":"WriteDacl","IsInherited":true},{"PrincipalSID":"NORTH.SEVENKINGDOMS.LOCAL-S-1-5-32-544","PrincipalType":"Group","RightName":"WriteOwner","IsInherited":true},{"PrincipalSID":"NORTH.SEVENKINGDOMS.LOCAL-S-1-5-32-544","PrincipalType":"Group","RightName":"AllExtendedRights","IsInherited":true},{"PrincipalSID":"NORTH.SEVENKINGDOMS.LOCAL-S-1-5-32-544","PrincipalType":"Group","RightName":"GenericWrite","IsInherited":true}],"ObjectIdentifier":"S-1-5-21-476477570-3970196156-4123418207-1117","IsDeleted":false,"IsACLProtected":false},{"Properties":{"domain":"NORTH.SEVENKINGDOMS.LOCAL","name":"JON.SNOW@NORTH.SEVENKINGDOMS.LOCAL","distinguishedname":"CN=JON.SNOW,CN=USERS,DC=NORTH,DC=SEVENKINGDOMS,DC=LOCAL","domainsid":"S-1-5-21-476477570-3970196156-4123418207","highvalue":false,"samaccountname":"jon.snow","description":"Jon Snow","whencreated":0,"sensitive":false,"dontreqpreauth":false,"passwordnotreqd":false,"unconstraineddelegation":false,"pwdneverexpires":false,"enabled":true,"trustedtoauth":false,"lastlogon":-1,"lastlogontimestamp":-1,"pwdlastset":-1,"serviceprincipalnames":["CIFS/winterfell.north.sevenkingdoms.local","HTTP/thewall.north.sevenkingdoms.local"],"hasspn":true,"displayname":null,"email":null,"title":null,"homedirectory":null,"userpassword":null,"unixpassword":null,"unicodepassword":null,"sfupassword":null,"logonscript":null,"admincount":false,"sidhistory":[]},"AllowedToDelegate":[],"PrimaryGroupSID":"S-1-5-21-476477570-3970196156-4123418207-513","HasSIDHistory":[],"SPNTargets":[],"Aces":[{"PrincipalSID":"S-1-5-21-476477570-3970196156-4123418207-512","PrincipalType":"Group","RightName":"Owns","IsInherited":false},{"PrincipalSID":"NORTH.SEVENKINGDOMS.LOCAL-S-1-5-32-548","PrincipalType":"Group","RightName":"GenericAll","IsInherited":false},{"PrincipalSID":"S-1-5-21-476477570-3970196156-4123418207-512","PrincipalType":"Group","RightName":"GenericAll","IsInherited":false},{"PrincipalSID":"S-1-5-21-476477570-3970196156-4123418207-526","PrincipalType":"Group","RightName":"AddKeyCredentialLink","IsInherited":true},{"PrincipalSID":"S-1-5-21-304451303-2834811950-1444368090-527","PrincipalType":"Base","RightName":"AddKeyCredentialLink","IsInherited":true},{"PrincipalSID":"S-1-5-21-304451303-2834811950-1444368090-519","PrincipalType":"Base","RightName":"GenericAll","IsInherited":true},{"PrincipalSID":"NORTH.SEVENKINGDOMS.LOCAL-S-1-5-32-544","PrincipalType":"Group","RightName":"WriteDacl","IsInherited":true},{"PrincipalSID":"NORTH.SEVENKINGDOMS.LOCAL-S-1-5-32-544","PrincipalType":"Group","RightName":"WriteOwner","IsInherited":true},{"PrincipalSID":"NORTH.SEVENKINGDOMS.LOCAL-S-1-5-32-544","PrincipalType":"Group","RightName":"AllExtendedRights","IsInherited":true},{"PrincipalSID":"NORTH.SEVENKINGDOMS.LOCAL-S-1-5-32-544","PrincipalType":"Group","RightName":"GenericWrite","IsInherited":true}],"ObjectIdentifier":"S-1-5-21-476477570-3970196156-4123418207-1118","IsDeleted":false,"IsACLProtected":false},{"Properties":{"domain":"NORTH.SEVENKINGDOMS.LOCAL","name":"JEOR.MORMONT@NORTH.SEVENKINGDOMS.LOCAL","distinguishedname":"CN=JEOR.MORMONT,CN=USERS,DC=NORTH,DC=SEVENKINGDOMS,DC=LOCAL","domainsid":"S-1-5-21-476477570-3970196156-4123418207","highvalue":false,"samaccountname":"jeor.mormont","description":"Jeor Mormont","whencreated":0,"sensitive":false,"dontreqpreauth":false,"passwordnotreqd":false,"unconstraineddelegation":false,"pwdneverexpires":false,"enabled":true,"trustedtoauth":false,"lastlogon":-1,"lastlogontimestamp":-1,"pwdlastset":-1,"serviceprincipalnames":[],"hasspn":false,"displayname":null,"email":null,"title":null,"homedirectory":null,"userpassword":null,"unixpassword":null,"unicodepassword":null,"sfupassword":null,"logonscript":null,"admincount":false,"sidhistory":[]},"AllowedToDelegate":[],"PrimaryGroupSID":"S-1-5-21-476477570-3970196156-4123418207-513","HasSIDHistory":[],"SPNTargets":[],"Aces":[{"PrincipalSID":"S-1-5-21-476477570-3970196156-4123418207-512","PrincipalType":"Group","RightName":"Owns","IsInherited":false},{"PrincipalSID":"NORTH.SEVENKINGDOMS.LOCAL-S-1-5-32-548","PrincipalType":"Group","RightName":"GenericAll","IsInherited":false},{"PrincipalSID":"S-1-5-21-476477570-3970196156-4123418207-512","PrincipalType":"Group","RightName":"GenericAll","IsInherited":false},{"PrincipalSID":"S-1-5-21-476477570-3970196156-4123418207-526","PrincipalType":"Group","RightName":"AddKeyCredentialLink","IsInherited":true},{"PrincipalSID":"S-1-5-21-304451303-2834811950-1444368090-527","PrincipalType":"Base","RightName":"AddKeyCredentialLink","IsInherited":true},{"PrincipalSID":"S-1-5-21-304451303-2834811950-1444368090-519","PrincipalType":"Base","RightName":"GenericAll","IsInherited":true},{"PrincipalSID":"NORTH.SEVENKINGDOMS.LOCAL-S-1-5-32-544","PrincipalType":"Group","RightName":"WriteDacl","IsInherited":true},{"PrincipalSID":"NORTH.SEVENKINGDOMS.LOCAL-S-1-5-32-544","PrincipalType":"Group","RightName":"WriteOwner","IsInherited":true},{"PrincipalSID":"NORTH.SEVENKINGDOMS.LOCAL-S-1-5-32-544","PrincipalType":"Group","RightName":"AllExtendedRights","IsInherited":true},{"PrincipalSID":"NORTH.SEVENKINGDOMS.LOCAL-S-1-5-32-544","PrincipalType":"Group","RightName":"GenericWrite","IsInherited":true}],"ObjectIdentifier":"S-1-5-21-476477570-3970196156-4123418207-1120","IsDeleted":false,"IsACLProtected":false},{"Properties":{"domain":"NORTH.SEVENKINGDOMS.LOCAL","name":"ADMINISTRATOR@NORTH.SEVENKINGDOMS.LOCAL","distinguishedname":"CN=ADMINISTRATOR,CN=USERS,DC=NORTH,DC=SEVENKINGDOMS,DC=LOCAL","domainsid":"S-1-5-21-476477570-3970196156-4123418207","highvalue":false,"samaccountname":"Administrator","description":"Built-in account for administering the computer/domain","whencreated":1700701957,"sensitive":false,"dontreqpreauth":false,"passwordnotreqd":false,"unconstraineddelegation":false,"pwdneverexpires":true,"enabled":true,"trustedtoauth":false,"lastlogon":1700810370,"lastlogontimestamp":1700732313,"pwdlastset":1700729595,"serviceprincipalnames":[],"hasspn":false,"displayname":null,"email":null,"title":null,"homedirectory":null,"userpassword":null,"unixpassword":null,"unicodepassword":null,"sfupassword":null,"logonscript":null,"admincount":true,"sidhistory":[]},"AllowedToDelegate":[],"PrimaryGroupSID":"S-1-5-21-476477570-3970196156-4123418207-513","HasSIDHistory":[],"SPNTargets":[],"Aces":[{"PrincipalSID":"S-1-5-21-476477570-3970196156-4123418207-512","PrincipalType":"Group","RightName":"Owns","IsInherited":false},{"PrincipalSID":"NORTH.SEVENKINGDOMS.LOCAL-S-1-5-32-544","PrincipalType":"Group","RightName":"WriteDacl","IsInherited":false},{"PrincipalSID":"NORTH.SEVENKINGDOMS.LOCAL-S-1-5-32-544","PrincipalType":"Group","RightName":"WriteOwner","IsInherited":false},{"PrincipalSID":"NORTH.SEVENKINGDOMS.LOCAL-S-1-5-32-544","PrincipalType":"Group","RightName":"AllExtendedRights","IsInherited":false},{"PrincipalSID":"NORTH.SEVENKINGDOMS.LOCAL-S-1-5-32-544","PrincipalType":"Group","RightName":"GenericWrite","IsInherited":false},{"PrincipalSID":"S-1-5-21-304451303-2834811950-1444368090-519","PrincipalType":"Base","RightName":"WriteDacl","IsInherited":false},{"PrincipalSID":"S-1-5-21-304451303-2834811950-1444368090-519","PrincipalType":"Base","RightName":"WriteOwner","IsInherited":false},{"PrincipalSID":"S-1-5-21-304451303-2834811950-1444368090-519","PrincipalType":"Base","RightName":"AllExtendedRights","IsInherited":false},{"PrincipalSID":"S-1-5-21-304451303-2834811950-1444368090-519","PrincipalType":"Base","RightName":"GenericWrite","IsInherited":false},{"PrincipalSID":"S-1-5-21-476477570-3970196156-4123418207-512","PrincipalType":"Group","RightName":"WriteDacl","IsInherited":false},{"PrincipalSID":"S-1-5-21-476477570-3970196156-4123418207-512","PrincipalType":"Group","RightName":"WriteOwner","IsInherited":false},{"PrincipalSID":"S-1-5-21-476477570-3970196156-4123418207-512","PrincipalType":"Group","RightName":"AllExtendedRights","IsInherited":false},{"PrincipalSID":"S-1-5-21-476477570-3970196156-4123418207-512","PrincipalType":"Group","RightName":"GenericWrite","IsInherited":false}],"ObjectIdentifier":"S-1-5-21-476477570-3970196156-4123418207-500","IsDeleted":false,"IsACLProtected":true},{"Properties":{"domain":"NORTH.SEVENKINGDOMS.LOCAL","name":"GUEST@NORTH.SEVENKINGDOMS.LOCAL","distinguishedname":"CN=GUEST,CN=USERS,DC=NORTH,DC=SEVENKINGDOMS,DC=LOCAL","domainsid":"S-1-5-21-476477570-3970196156-4123418207","highvalue":false,"samaccountname":"Guest","description":"Built-in account for guest access to the computer/domain","whencreated":0,"sensitive":false,"dontreqpreauth":false,"passwordnotreqd":false,"unconstraineddelegation":false,"pwdneverexpires":false,"enabled":true,"trustedtoauth":false,"lastlogon":-1,"lastlogontimestamp":-1,"pwdlastset":-1,"serviceprincipalnames":[],"hasspn":false,"displayname":null,"email":null,"title":null,"homedirectory":null,"userpassword":null,"unixpassword":null,"unicodepassword":null,"sfupassword":null,"logonscript":null,"admincount":false,"sidhistory":[]},"AllowedToDelegate":[],"PrimaryGroupSID":"S-1-5-21-476477570-3970196156-4123418207-514","HasSIDHistory":[],"SPNTargets":[],"Aces":[{"PrincipalSID":"NORTH.SEVENKINGDOMS.LOCAL-S-1-5-32-544","PrincipalType":"Group","RightName":"Owns","IsInherited":false},{"PrincipalSID":"NORTH.SEVENKINGDOMS.LOCAL-S-1-5-32-548","PrincipalType":"Group","RightName":"GenericAll","IsInherited":false},{"PrincipalSID":"S-1-5-21-476477570-3970196156-4123418207-512","PrincipalType":"Group","RightName":"GenericAll","IsInherited":false},{"PrincipalSID":"S-1-5-21-476477570-3970196156-4123418207-526","PrincipalType":"Group","RightName":"AddKeyCredentialLink","IsInherited":true},{"PrincipalSID":"S-1-5-21-304451303-2834811950-1444368090-527","PrincipalType":"Base","RightName":"AddKeyCredentialLink","IsInherited":true},{"PrincipalSID":"S-1-5-21-304451303-2834811950-1444368090-519","PrincipalType":"Base","RightName":"GenericAll","IsInherited":true},{"PrincipalSID":"NORTH.SEVENKINGDOMS.LOCAL-S-1-5-32-544","PrincipalType":"Group","RightName":"WriteDacl","IsInherited":true},{"PrincipalSID":"NORTH.SEVENKINGDOMS.LOCAL-S-1-5-32-544","PrincipalType":"Group","RightName":"WriteOwner","IsInherited":true},{"PrincipalSID":"NORTH.SEVENKINGDOMS.LOCAL-S-1-5-32-544","PrincipalType":"Group","RightName":"AllExtendedRights","IsInherited":true},{"PrincipalSID":"NORTH.SEVENKINGDOMS.LOCAL-S-1-5-32-544","PrincipalType":"Group","RightName":"GenericWrite","IsInherited":true}],"ObjectIdentifier":"S-1-5-21-476477570-3970196156-4123418207-501","IsDeleted":false,"IsACLProtected":false},{"Properties":{"domain":"NORTH.SEVENKINGDOMS.LOCAL","name":"BRANDON.STARK@NORTH.SEVENKINGDOMS.LOCAL","distinguishedname":"CN=BRANDON.STARK,CN=USERS,DC=NORTH,DC=SEVENKINGDOMS,DC=LOCAL","domainsid":"S-1-5-21-476477570-3970196156-4123418207","highvalue":false,"samaccountname":"brandon.stark","description":"Brandon Stark","whencreated":0,"sensitive":false,"dontreqpreauth":false,"passwordnotreqd":false,"unconstraineddelegation":false,"pwdneverexpires":false,"enabled":true,"trustedtoauth":false,"lastlogon":-1,"lastlogontimestamp":-1,"pwdlastset":-1,"serviceprincipalnames":[],"hasspn":false,"displayname":null,"email":null,"title":null,"homedirectory":null,"userpassword":null,"unixpassword":null,"unicodepassword":null,"sfupassword":null,"logonscript":null,"admincount":false,"sidhistory":[]},"AllowedToDelegate":[],"PrimaryGroupSID":"S-1-5-21-476477570-3970196156-4123418207-513","HasSIDHistory":[],"SPNTargets":[],"Aces":[{"PrincipalSID":"S-1-5-21-476477570-3970196156-4123418207-512","PrincipalType":"Group","RightName":"Owns","IsInherited":false},{"PrincipalSID":"NORTH.SEVENKINGDOMS.LOCAL-S-1-5-32-548","PrincipalType":"Group","RightName":"GenericAll","IsInherited":false},{"PrincipalSID":"S-1-5-21-476477570-3970196156-4123418207-512","PrincipalType":"Group","RightName":"GenericAll","IsInherited":false},{"PrincipalSID":"S-1-5-21-476477570-3970196156-4123418207-526","PrincipalType":"Group","RightName":"AddKeyCredentialLink","IsInherited":true},{"PrincipalSID":"S-1-5-21-304451303-2834811950-1444368090-527","PrincipalType":"Base","RightName":"AddKeyCredentialLink","IsInherited":true},{"PrincipalSID":"S-1-5-21-304451303-2834811950-1444368090-519","PrincipalType":"Base","RightName":"GenericAll","IsInherited":true},{"PrincipalSID":"NORTH.SEVENKINGDOMS.LOCAL-S-1-5-32-544","PrincipalType":"Group","RightName":"WriteDacl","IsInherited":true},{"PrincipalSID":"NORTH.SEVENKINGDOMS.LOCAL-S-1-5-32-544","PrincipalType":"Group","RightName":"WriteOwner","IsInherited":true},{"PrincipalSID":"NORTH.SEVENKINGDOMS.LOCAL-S-1-5-32-544","PrincipalType":"Group","RightName":"AllExtendedRights","IsInherited":true},{"PrincipalSID":"NORTH.SEVENKINGDOMS.LOCAL-S-1-5-32-544","PrincipalType":"Group","RightName":"GenericWrite","IsInherited":true}],"ObjectIdentifier":"S-1-5-21-476477570-3970196156-4123418207-1115","IsDeleted":false,"IsACLProtected":false},{"Properties":{"domain":"NORTH.SEVENKINGDOMS.LOCAL","name":"SQL_SVC@NORTH.SEVENKINGDOMS.LOCAL","distinguishedname":"CN=SQL_SVC,CN=USERS,DC=NORTH,DC=SEVENKINGDOMS,DC=LOCAL","domainsid":"S-1-5-21-476477570-3970196156-4123418207","highvalue":false,"samaccountname":"sql_svc","description":"sql service","whencreated":0,"sensitive":false,"dontreqpreauth":false,"passwordnotreqd":false,"unconstraineddelegation":false,"pwdneverexpires":false,"enabled":true,"trustedtoauth":false,"lastlogon":-1,"lastlogontimestamp":-1,"pwdlastset":-1,"serviceprincipalnames":["MSSQLSvc/castelblack.north.sevenkingdoms.local","MSSQLSvc/castelblack.north.sevenkingdoms.local:1433"],"hasspn":true,"displayname":null,"email":null,"title":null,"homedirectory":null,"userpassword":null,"unixpassword":null,"unicodepassword":null,"sfupassword":null,"logonscript":null,"admincount":false,"sidhistory":[]},"AllowedToDelegate":[],"PrimaryGroupSID":"S-1-5-21-476477570-3970196156-4123418207-513","HasSIDHistory":[],"SPNTargets":[{"ComputerSID":"S-1-5-21-476477570-3970196156-4123418207-1104","Port":1433,"Service":"SQLAdmin"},{"ComputerSID":"S-1-5-21-476477570-3970196156-4123418207-1104","Port":1433,"Service":"SQLAdmin"}],"Aces":[{"PrincipalSID":"S-1-5-21-476477570-3970196156-4123418207-512","PrincipalType":"Group","RightName":"Owns","IsInherited":false},{"PrincipalSID":"NORTH.SEVENKINGDOMS.LOCAL-S-1-5-32-548","PrincipalType":"Group","RightName":"GenericAll","IsInherited":false},{"PrincipalSID":"S-1-5-21-476477570-3970196156-4123418207-512","PrincipalType":"Group","RightName":"GenericAll","IsInherited":false},{"PrincipalSID":"S-1-5-21-476477570-3970196156-4123418207-526","PrincipalType":"Group","RightName":"AddKeyCredentialLink","IsInherited":true},{"PrincipalSID":"S-1-5-21-304451303-2834811950-1444368090-527","PrincipalType":"Base","RightName":"AddKeyCredentialLink","IsInherited":true},{"PrincipalSID":"S-1-5-21-304451303-2834811950-1444368090-519","PrincipalType":"Base","RightName":"GenericAll","IsInherited":true},{"PrincipalSID":"NORTH.SEVENKINGDOMS.LOCAL-S-1-5-32-544","PrincipalType":"Group","RightName":"WriteDacl","IsInherited":true},{"PrincipalSID":"NORTH.SEVENKINGDOMS.LOCAL-S-1-5-32-544","PrincipalType":"Group","RightName":"WriteOwner","IsInherited":true},{"PrincipalSID":"NORTH.SEVENKINGDOMS.LOCAL-S-1-5-32-544","PrincipalType":"Group","RightName":"AllExtendedRights","IsInherited":true},{"PrincipalSID":"NORTH.SEVENKINGDOMS.LOCAL-S-1-5-32-544","PrincipalType":"Group","RightName":"GenericWrite","IsInherited":true}],"ObjectIdentifier":"S-1-5-21-476477570-3970196156-4123418207-1121","IsDeleted":false,"IsACLProtected":false},{"Properties":{"domain":"NORTH.SEVENKINGDOMS.LOCAL","name":"SAMWELL.TARLY@NORTH.SEVENKINGDOMS.LOCAL","distinguishedname":"CN=SAMWELL.TARLY,CN=USERS,DC=NORTH,DC=SEVENKINGDOMS,DC=LOCAL","domainsid":"S-1-5-21-476477570-3970196156-4123418207","highvalue":false,"samaccountname":"samwell.tarly","description":"Samwell Tarly (Password : Heartsbane)","whencreated":0,"sensitive":false,"dontreqpreauth":false,"passwordnotreqd":false,"unconstraineddelegation":false,"pwdneverexpires":false,"enabled":true,"trustedtoauth":false,"lastlogon":-1,"lastlogontimestamp":-1,"pwdlastset":-1,"serviceprincipalnames":[],"hasspn":false,"displayname":null,"email":null,"title":null,"homedirectory":null,"userpassword":null,"unixpassword":null,"unicodepassword":null,"sfupassword":null,"logonscript":null,"admincount":false,"sidhistory":[]},"AllowedToDelegate":[],"PrimaryGroupSID":"S-1-5-21-476477570-3970196156-4123418207-513","HasSIDHistory":[],"SPNTargets":[],"Aces":[{"PrincipalSID":"S-1-5-21-476477570-3970196156-4123418207-512","PrincipalType":"Group","RightName":"Owns","IsInherited":false},{"PrincipalSID":"NORTH.SEVENKINGDOMS.LOCAL-S-1-5-32-548","PrincipalType":"Group","RightName":"GenericAll","IsInherited":false},{"PrincipalSID":"S-1-5-21-476477570-3970196156-4123418207-512","PrincipalType":"Group","RightName":"GenericAll","IsInherited":false},{"PrincipalSID":"S-1-5-21-476477570-3970196156-4123418207-526","PrincipalType":"Group","RightName":"AddKeyCredentialLink","IsInherited":true},{"PrincipalSID":"S-1-5-21-304451303-2834811950-1444368090-527","PrincipalType":"Base","RightName":"AddKeyCredentialLink","IsInherited":true},{"PrincipalSID":"S-1-5-21-304451303-2834811950-1444368090-519","PrincipalType":"Base","RightName":"GenericAll","IsInherited":true},{"PrincipalSID":"NORTH.SEVENKINGDOMS.LOCAL-S-1-5-32-544","PrincipalType":"Group","RightName":"WriteDacl","IsInherited":true},{"PrincipalSID":"NORTH.SEVENKINGDOMS.LOCAL-S-1-5-32-544","PrincipalType":"Group","RightName":"WriteOwner","IsInherited":true},{"PrincipalSID":"NORTH.SEVENKINGDOMS.LOCAL-S-1-5-32-544","PrincipalType":"Group","RightName":"AllExtendedRights","IsInherited":true},{"PrincipalSID":"NORTH.SEVENKINGDOMS.LOCAL-S-1-5-32-544","PrincipalType":"Group","RightName":"GenericWrite","IsInherited":true}],"ObjectIdentifier":"S-1-5-21-476477570-3970196156-4123418207-1119","IsDeleted":false,"IsACLProtected":false}],"meta":{"methods":29675,"type":"users","count":16,"version":5}}