﻿{"data":[{"Properties":{"domain":"NORTH.SEVENKINGDOMS.LOCAL","name":"WINTERFELL.NORTH.SEVENKINGDOMS.LOCAL","distinguishedname":"CN=WINTERFELL,OU=DOMAIN CONTROLLERS,DC=NORTH,DC=SEVENKINGDOMS,DC=LOCAL","domainsid":"S-1-5-21-476477570-3970196156-4123418207","highvalue":false,"samaccountname":"WINTERFELL$","haslaps":false,"description":null,"whencreated":1700702725,"enabled":true,"unconstraineddelegation":true,"trustedtoauth":false,"lastlogon":1700837836,"lastlogontimestamp":1700731567,"pwdlastset":1700731543,"serviceprincipalnames":["ldap/winterfell.north.sevenkingdoms.local/ForestDnsZones.sevenkingdoms.local","Dfsr-12F9A27C-BF97-4787-9364-D31B6C55EB04/winterfell.north.sevenkingdoms.local","TERMSRV/WINTERFELL","TERMSRV/winterfell.north.sevenkingdoms.local","DNS/winterfell.north.sevenkingdoms.local","GC/winterfell.north.sevenkingdoms.local/sevenkingdoms.local","RestrictedKrbHost/winterfell.north.sevenkingdoms.local","RestrictedKrbHost/WINTERFELL","RPC/694fd190-e63a-44fe-8b56-3f9a7af6dc0b._msdcs.sevenkingdoms.local","HOST/WINTERFELL/NORTH","HOST/winterfell.north.sevenkingdoms.local/NORTH","HOST/WINTERFELL","HOST/winterfell.north.sevenkingdoms.local","HOST/winterfell.north.sevenkingdoms.local/north.sevenkingdoms.local","E3514235-4B06-11D1-AB04-00C04FC2DCD2/694fd190-e63a-44fe-8b56-3f9a7af6dc0b/north.sevenkingdoms.local","ldap/WINTERFELL/NORTH","ldap/694fd190-e63a-44fe-8b56-3f9a7af6dc0b._msdcs.sevenkingdoms.local","ldap/winterfell.north.sevenkingdoms.local/NORTH","ldap/WINTERFELL","ldap/winterfell.north.sevenkingdoms.local","ldap/winterfell.north.sevenkingdoms.local/north.sevenkingdoms.local"],"operatingsystem":"Windows Server 2019 Datacenter Evaluation","sidhistory":[]},"PrimaryGroupSID":"S-1-5-21-476477570-3970196156-4123418207-516","AllowedToDelegate":[],"AllowedToAct":[],"HasSIDHistory":[],"DumpSMSAPassword":[],"Sessions":{"Results":[],"Collected":true,"FailureReason":null},"PrivilegedSessions":{"Results":[],"Collected":false,"FailureReason":null},"RegistrySessions":{"Results":[],"Collected":false,"FailureReason":null},"LocalAdmins":{"Results":[{"ObjectIdentifier":"S-1-5-21-476477570-3970196156-4123418207-500","ObjectType":"User"},{"ObjectIdentifier":"S-1-5-21-476477570-3970196156-4123418207-1000","ObjectType":"User"},{"ObjectIdentifier":"S-1-5-21-476477570-3970196156-4123418207-512","ObjectType":"Group"},{"ObjectIdentifier":"S-1-5-21-304451303-2834811950-1444368090-519","ObjectType":"Base"},{"ObjectIdentifier":"S-1-5-21-476477570-3970196156-4123418207-1111","ObjectType":"User"},{"ObjectIdentifier":"S-1-5-21-476477570-3970196156-4123418207-1112","ObjectType":"User"},{"ObjectIdentifier":"S-1-5-21-476477570-3970196156-4123418207-1113","ObjectType":"User"}],"Collected":true,"FailureReason":null},"RemoteDesktopUsers":{"Results":[{"ObjectIdentifier":"S-1-5-21-476477570-3970196156-4123418207-1106","ObjectType":"Group"}],"Collected":true,"FailureReason":null},"DcomUsers":{"Results":[],"Collected":true,"FailureReason":null},"PSRemoteUsers":{"Results":[],"Collected":true,"FailureReason":null},"Status":null,"Aces":[{"PrincipalSID":"S-1-5-21-476477570-3970196156-4123418207-512","PrincipalType":"Group","RightName":"Owns","IsInherited":false},{"PrincipalSID":"S-1-5-21-476477570-3970196156-4123418207-512","PrincipalType":"Group","RightName":"GenericAll","IsInherited":false},{"PrincipalSID":"S-1-5-21-476477570-3970196156-4123418207-526","PrincipalType":"Group","RightName":"AddKeyCredentialLink","IsInherited":true},{"PrincipalSID":"S-1-5-21-304451303-2834811950-1444368090-527","PrincipalType":"Base","RightName":"AddKeyCredentialLink","IsInherited":true},{"PrincipalSID":"S-1-5-21-304451303-2834811950-1444368090-519","PrincipalType":"Base","RightName":"GenericAll","IsInherited":true},{"PrincipalSID":"NORTH.SEVENKINGDOMS.LOCAL-S-1-5-32-544","PrincipalType":"Group","RightName":"WriteDacl","IsInherited":true},{"PrincipalSID":"NORTH.SEVENKINGDOMS.LOCAL-S-1-5-32-544","PrincipalType":"Group","RightName":"WriteOwner","IsInherited":true},{"PrincipalSID":"NORTH.SEVENKINGDOMS.LOCAL-S-1-5-32-544","PrincipalType":"Group","RightName":"GenericWrite","IsInherited":true}],"ObjectIdentifier":"S-1-5-21-476477570-3970196156-4123418207-1001","IsDeleted":false,"IsACLProtected":false},{"Properties":{"domain":"NORTH.SEVENKINGDOMS.LOCAL","name":"CASTELBLACK.NORTH.SEVENKINGDOMS.LOCAL","distinguishedname":"CN=CASTELBLACK,CN=COMPUTERS,DC=NORTH,DC=SEVENKINGDOMS,DC=LOCAL","domainsid":"S-1-5-21-476477570-3970196156-4123418207","highvalue":false,"samaccountname":"CASTELBLACK$","haslaps":false,"description":null,"whencreated":1700703513,"enabled":true,"unconstraineddelegation":false,"trustedtoauth":false,"lastlogon":1700838059,"lastlogontimestamp":1700732313,"pwdlastset":1700809335,"serviceprincipalnames":["WSMAN/castelblack","WSMAN/castelblack.north.sevenkingdoms.local","HTTP/winterfell.north.sevenkingdoms.local","TERMSRV/CASTELBLACK","TERMSRV/castelblack.north.sevenkingdoms.local","RestrictedKrbHost/CASTELBLACK","HOST/CASTELBLACK","RestrictedKrbHost/castelblack.north.sevenkingdoms.local","HOST/castelblack.north.sevenkingdoms.local"],"operatingsystem":"Windows Server 2019 Datacenter Evaluation","sidhistory":[]},"PrimaryGroupSID":"S-1-5-21-476477570-3970196156-4123418207-515","AllowedToDelegate":[],"AllowedToAct":[],"HasSIDHistory":[],"DumpSMSAPassword":[],"Sessions":{"Results":[],"Collected":false,"FailureReason":"ERROR_ACCESS_DENIED"},"PrivilegedSessions":{"Results":[],"Collected":false,"FailureReason":null},"RegistrySessions":{"Results":[],"Collected":false,"FailureReason":null},"LocalAdmins":{"Results":[],"Collected":false,"FailureReason":"SAMRPCServerInit Failed"},"RemoteDesktopUsers":{"Results":[],"Collected":false,"FailureReason":"SAMRPCServerInit Failed"},"DcomUsers":{"Results":[],"Collected":false,"FailureReason":"SAMRPCServerInit Failed"},"PSRemoteUsers":{"Results":[],"Collected":false,"FailureReason":"SAMRPCServerInit Failed"},"Status":null,"Aces":[{"PrincipalSID":"S-1-5-21-476477570-3970196156-4123418207-512","PrincipalType":"Group","RightName":"Owns","IsInherited":false},{"PrincipalSID":"NORTH.SEVENKINGDOMS.LOCAL-S-1-5-32-548","PrincipalType":"Group","RightName":"GenericAll","IsInherited":false},{"PrincipalSID":"S-1-5-21-476477570-3970196156-4123418207-512","PrincipalType":"Group","RightName":"GenericAll","IsInherited":false},{"PrincipalSID":"S-1-5-21-476477570-3970196156-4123418207-526","PrincipalType":"Group","RightName":"AddKeyCredentialLink","IsInherited":true},{"PrincipalSID":"S-1-5-21-304451303-2834811950-1444368090-527","PrincipalType":"Base","RightName":"AddKeyCredentialLink","IsInherited":true},{"PrincipalSID":"S-1-5-21-304451303-2834811950-1444368090-519","PrincipalType":"Base","RightName":"GenericAll","IsInherited":true},{"PrincipalSID":"NORTH.SEVENKINGDOMS.LOCAL-S-1-5-32-544","PrincipalType":"Group","RightName":"WriteDacl","IsInherited":true},{"PrincipalSID":"NORTH.SEVENKINGDOMS.LOCAL-S-1-5-32-544","PrincipalType":"Group","RightName":"WriteOwner","IsInherited":true},{"PrincipalSID":"NORTH.SEVENKINGDOMS.LOCAL-S-1-5-32-544","PrincipalType":"Group","RightName":"GenericWrite","IsInherited":true}],"ObjectIdentifier":"S-1-5-21-476477570-3970196156-4123418207-1104","IsDeleted":false,"IsACLProtected":false}],"meta":{"methods":29675,"type":"computers","count":2,"version":5}}