﻿{"data":[{"GPOChanges":{"LocalAdmins":[],"RemoteDesktopUsers":[],"DcomUsers":[],"PSRemoteUsers":[],"AffectedComputers":[]},"Properties":{"domain":"NORTH.SEVENKINGDOMS.LOCAL","name":"DOMAIN CONTROLLERS@NORTH.SEVENKINGDOMS.LOCAL","distinguishedname":"OU=DOMAIN CONTROLLERS,DC=NORTH,DC=SEVENKINGDOMS,DC=LOCAL","domainsid":"S-1-5-21-476477570-3970196156-4123418207","highvalue":false,"description":"Default container for domain controllers","whencreated":1700701957,"blocksinheritance":false},"Links":[{"IsEnforced":false,"GUID":"4349A0CC-3F3C-48F1-A74D-E6A6B6A06CC6"}],"ChildObjects":[{"ObjectIdentifier":"S-1-5-21-476477570-3970196156-4123418207-1001","ObjectType":"Computer"}],"Aces":[{"PrincipalSID":"S-1-5-21-476477570-3970196156-4123418207-512","PrincipalType":"Group","RightName":"Owns","IsInherited":false},{"PrincipalSID":"S-1-5-21-476477570-3970196156-4123418207-512","PrincipalType":"Group","RightName":"WriteDacl","IsInherited":false},{"PrincipalSID":"S-1-5-21-476477570-3970196156-4123418207-512","PrincipalType":"Group","RightName":"WriteOwner","IsInherited":false},{"PrincipalSID":"S-1-5-21-304451303-2834811950-1444368090-519","PrincipalType":"Base","RightName":"GenericAll","IsInherited":true},{"PrincipalSID":"NORTH.SEVENKINGDOMS.LOCAL-S-1-5-32-544","PrincipalType":"Group","RightName":"WriteDacl","IsInherited":true},{"PrincipalSID":"NORTH.SEVENKINGDOMS.LOCAL-S-1-5-32-544","PrincipalType":"Group","RightName":"WriteOwner","IsInherited":true}],"ObjectIdentifier":"6481EEE4-03D8-40F1-80C0-B0350833CAA5","IsDeleted":false,"IsACLProtected":false}],"meta":{"methods":29675,"type":"ous","count":1,"version":5}}